display	candidate_id	best_rank	elixir	research	platform	commercial	company	protocol	wildcard	pareto_roles	flags	dissent
Draftifact	cand-91471eb5c738d448	1	A/3	A/2	A/1	A/1	B/1	A/2	no	6	0	1
ScopeTree	cand-43de64b504c70673	1	A/1	A/1	A/2	A/2	B/2	A/1	yes	6	0	1
Faultcell	cand-2fd35f18429f3994	2	A/2	B/8	B/10	B/4	B/7	B/13	no	6	0	1
Afterstate	cand-65dc12ed3858ac11	3	B/5	B/3	B/3	B/10	B/10	B/4	yes	6	0	0
Programmatics	cand-324a2ac4c9ca9114	3	B/16	B/5	B/5	B/22	B/29	B/3	no	6	0	1
Trialbook	cand-04693d05733fd7b7	3	B/6	B/4	B/9	B/3	B/3	B/5	no	6	0	0
Footlight	cand-729abad7fdccc7c5	4	B/12	B/24	B/15	B/5	B/4	B/21	no	6	0	1
Kinstate	cand-0d241d8b48765376	4	B/10	B/9	B/4	B/15	B/12	B/6	no	6	0	0
Mapfold	cand-84944b4d62def365	4	B/4	B/6	B/7	B/11	B/21	B/8	no	6	0	0
Kintra	cand-99c85e7a125dd838	5	B/26	B/36	B/17	B/14	B/5	B/25	no	6	0	0
Bridgework	cand-9ace4371dbd2b19c	6	B/20	B/21	B/19	B/8	B/6	B/19	no	6	0	0
Pinned Lineage	cand-e333e9930ee18f96	6	B/15	B/10	B/6	B/20	B/17	B/7	no	6	0	1
Scriptfold	cand-fb97b1568b4a01f1	6	B/9	B/19	B/40	B/6	B/19	B/42	no	6	0	0
beam.run	cand-55f81605772204ec	7	B/7	B/13	B/26	B/56	B/114	B/28	no	6	0	1
Evidence Loop	cand-58fed07dc08967a0	7	B/17	B/7	B/14	B/9	B/25	B/9	no	6	0	1
Prograft	cand-39ad9ab4f82b62c3	7	B/8	B/16	B/8	B/7	B/8	B/15	no	6	0	0
Keepline	cand-a96825f2c68d8821	9	B/21	B/25	B/11	B/13	B/9	B/17	no	6	0	0
Asterline	cand-cdd946d67ecf53b8	10	B/51	B/27	B/13	B/25	B/16	B/10	no	6	0	0
Archive Loom	cand-c6f046d760ae10ff	11	B/139	B/91	B/42	B/28	B/11	B/83	no	6	0	0
Measuremark	cand-7bee393771a63c53	11	B/38	B/11	B/25	B/26	B/42	B/14	no	6	0	1
Measureware	cand-4b0772664e5946ea	11	B/98	B/29	B/21	B/45	B/46	B/11	no	6	0	0
Processloom	cand-d99456fbd5b3f144	11	B/11	B/15	B/23	B/23	B/32	B/29	no	6	0	1
Faultglass	cand-d85467fceca0a43c	12	B/13	B/23	B/18	B/12	B/13	B/27	yes	6	0	1
Repair Loop	cand-859c19a40950ea4e	12	B/43	B/12	B/50	B/33	B/58	B/30	no	6	0	1
Tracefolio	cand-0d16773f0ca098d8	12	B/36	B/22	B/12	B/17	B/14	B/12	no	6	0	0
Run.Pack	cand-fdfcaab989b94113	14	B/14	B/14	B/28	B/52	B/89	B/22	no	6	0	1
Solfa	cand-b45557be03537f77	15	B/49	B/88	B/43	B/21	B/15	B/79	no	6	0	1
Carryforward	cand-f99ade68f83cf96b	16	B/22	B/17	B/16	B/19	B/18	B/16	yes	6	0	0
Trialwise	cand-948991a759aa32fc	16	B/33	B/18	B/24	B/16	B/22	B/23	no	6	0	0
Countertune	cand-d6438fe3847fc8d9	18	B/39	B/33	B/29	B/18	B/20	B/37	no	6	0	0
Evidence Beam	cand-329ed13957e03cf9	18	B/18	B/48	B/195	B/115	B/248	B/162	no	6	0	0
Evidence Loom	cand-053c6ecb8b91d00c	18	B/94	B/20	B/20	B/30	B/33	B/18	no	6	0	0
Tracecase	cand-65b52473dc9a2e0b	19	B/19	B/26	B/39	B/41	B/56	B/35	no	6	0	0
Textlattice	cand-fdf2df8c4e6b4115	20	B/73	B/42	B/27	B/44	B/38	B/20	no	6	0	0
Orsel	cand-930eaf1684b953a9	22	B/45	B/66	B/22	B/43	B/26	B/34	no	6	0	1
GenLine	cand-2d8a2da26c94353a	23	B/23	B/95	B/128	B/123	B/194	B/113	no	6	0	1
Tervel	cand-32d2781649e7ddc2	23	B/132	B/148	B/44	B/62	B/23	B/62	no	6	0	1
Apparatus Runtime	cand-1af0baf9ac14f4ea	24	B/112	B/34	B/32	B/55	B/41	B/24	yes	6	0	0
Draftmesh	cand-b7b13c04b48e0905	24	B/30	B/40	B/60	B/24	B/34	B/69	no	6	0	0
Telic Beam	cand-d5b40187132f6627	24	B/24	B/58	B/103	B/105	B/164	B/100	no	6	0	0
Trail Marker	cand-cfd7e8f436f98cbc	24	B/86	B/78	B/64	B/31	B/24	B/90	no	6	0	0
Return Path	cand-c4016685970090f2	25	B/25	B/37	B/33	B/32	B/36	B/39	no	6	0	0
Program Crane	cand-520d7a596f20f6ec	26	B/34	B/30	B/34	B/29	B/39	B/26	no	6	0	0
Draftbench	cand-3eea1cd6b90078b5	27	B/29	B/32	B/47	B/27	B/50	B/33	no	6	0	0
Scopeweave	cand-9eb1b1fa3bb1eb6e	27	B/27	B/28	B/31	B/40	B/44	B/31	no	6	0	0
Secondroot	cand-1ef63d955eac670c	27	B/90	B/101	B/37	B/49	B/27	B/55	no	6	0	0
Axima	cand-84cb94baa6eb5328	28	B/41	B/76	B/30	B/37	B/28	B/48	no	6	0	1
Reviscript	cand-95fdecf7af44863f	28	B/28	B/62	B/73	B/34	B/60	B/80	no	6	0	0
Caldrin	cand-54e4df2cff57c575	30	B/104	B/94	B/36	B/54	B/30	B/56	no	6	0	1
Calibrate	cand-3b42f2115d404472	31	B/42	B/31	B/45	B/77	B/121	B/32	no	0	2	0
Lattice Road	cand-c50218e25e0f6311	31	B/105	B/86	B/55	B/39	B/31	B/85	no	6	0	0
Modulect	cand-2669a117150016d2	31	B/31	B/59	B/56	B/66	B/70	B/73	no	6	0	0
Traceweft	cand-6c06c3f3d265af67	32	B/32	B/63	B/63	B/144	B/188	B/72	no	6	0	0
Facetline	cand-6fa8fd510de990b0	35	B/40	B/60	B/38	B/35	B/35	B/46	no	6	0	0
Observed Lift	cand-8ede218a845a65f5	35	B/57	B/35	B/61	B/46	B/65	B/45	no	0	0	0
Program Yard	cand-0142bd77ad813bc4	35	B/67	B/50	B/35	B/36	B/40	B/40	no	6	0	0
ValueRail	cand-8640b09350b9a921	35	B/35	B/64	B/62	B/79	B/88	B/50	no	0	0	0
Comparata	cand-291d20b1cd691a7f	36	B/55	B/39	B/46	B/50	B/55	B/36	no	0	0	0
Everbranch	cand-41bb24e2be8d30df	37	B/147	B/120	B/67	B/63	B/37	B/76	no	6	0	0
Routebook	cand-bf8c6847e98249e3	37	B/37	B/49	B/48	B/38	B/47	B/49	no	6	0	0
Decl.Program	cand-97ea8cb94a997737	38	B/102	B/38	B/167	B/268	C/406	B/64	no	6	0	0
Evidence Kernel	cand-041081efc904c7c6	38	B/92	B/41	B/41	B/64	B/76	B/38	no	6	0	0
Revisory	cand-e52aa66182f7775d	41	B/65	B/56	B/49	B/67	B/66	B/41	no	6	0	0
Callboard	cand-15bd3050bec6589e	42	B/44	B/115	B/65	B/42	B/43	B/104	no	6	0	0
Program Transform	cand-eb8a9c526d52c258	43	B/123	B/43	B/117	B/179	B/257	B/44	no	6	0	0
Structline	cand-c89ebd3cdbceba2c	43	B/58	B/61	B/69	B/96	B/105	B/43	yes	0	0	0
Declared Work	cand-446bafd462ae15d1	44	B/75	B/44	B/116	B/137	B/214	B/58	no	6	0	0
Declarework	cand-b53ee0dc1bdf01be	45	B/97	B/45	B/71	B/131	B/145	B/54	no	0	0	0
Elsewhen	cand-e925b319a5148477	45	B/101	B/112	B/77	B/61	B/45	B/96	no	6	0	0
Declaret	cand-d051f1f2dcf907ec	46	B/46	B/52	B/87	B/118	B/135	B/74	no	6	0	0
Only the Program	cand-45b2a9208d787d09	46	B/129	B/46	B/84	B/73	B/92	B/87	no	5	0	0
Experiment Press	cand-d9a2c221788237bf	47	B/114	B/51	B/75	B/47	B/61	B/70	no	6	0	0
Measurefield	cand-0c8e8434c2e79ddd	47	B/84	B/47	B/83	B/75	B/107	B/47	no	6	0	0
Sidecue	cand-d315f576ad752682	47	B/47	B/68	B/94	B/72	B/93	B/86	no	6	0	0
Bound	cand-5e1cf42878df58fe	48	B/48	B/119	B/102	B/224	B/292	B/130	no	6	3	0
Outcome Loom	cand-fc7ed3cf35206ef9	48	B/127	B/124	B/86	B/53	B/48	B/118	no	6	0	0
Resultsmith	cand-74408695f4edf58f	48	B/70	B/53	B/58	B/48	B/59	B/63	no	5	0	0
Mavun	cand-2e498339cf00fd7d	49	B/203	B/137	B/57	B/126	B/49	B/68	no	6	0	0
LiLoop	cand-5343212919e156fd	50	B/50	B/107	B/98	B/83	B/99	B/109	no	6	0	0
Declarium	cand-ae05ddf005d45d6e	51	B/54	B/55	B/51	B/78	B/85	B/51	no	0	0	0
Rovena	cand-1b32aebc9b8db4a5	51	B/151	B/100	B/54	B/103	B/51	B/61	no	6	0	0
Trialsmith	cand-d623ee0a8b0b02dd	51	B/106	B/80	B/81	B/51	B/53	B/106	no	6	0	0
Continuance	cand-c30a779809beb6d2	52	B/96	B/85	B/52	B/128	B/115	B/53	no	6	1	0
Locality	cand-3d79a8afccb570af	52	B/52	B/165	B/174	B/204	B/253	B/176	no	6	1	0
Tersa	cand-991edcc6b1a4edbf	52	B/153	B/156	B/78	B/94	B/52	B/99	no	6	0	0
Wayframe	cand-e2fc908147ced6bb	52	B/59	B/67	B/59	B/69	B/74	B/52	no	6	0	0
Commonwork	cand-3962384abcb85ad4	53	B/53	B/111	B/107	B/113	B/132	B/101	no	6	0	0
Kintrace	cand-b02f26321107fbfc	53	B/62	B/71	B/53	B/70	B/69	B/60	no	0	0	0
Artifact Rail	cand-a0b8b233552d8f44	54	B/95	B/54	B/79	B/93	B/126	B/75	no	6	0	0
Relaybook	cand-e44786cf82fba3d1	54	B/158	B/160	B/110	B/68	B/54	B/120	no	6	0	0
Eventloom	cand-e8e055704cc8e088	56	B/56	B/133	B/91	B/106	B/97	B/125	no	6	0	0
Bounded Choice	cand-144e20b24751a683	57	B/145	B/65	B/74	B/88	B/87	B/57	no	0	0	0
Noise Floor	cand-6c3748bf8b2573ee	57	B/152	B/57	B/89	B/116	B/154	B/59	no	0	0	0
Program Garden	cand-d73abcd9590f5bfa	57	B/217	B/136	B/121	B/57	B/71	B/179	no	6	0	0
Trialhouse	cand-debe56127788f7cd	57	B/131	B/117	B/68	B/65	B/57	B/95	no	6	0	0
Wildtype	cand-692505ecd41bd323	58	B/78	B/161	B/97	B/58	B/68	B/132	no	6	0	0
Error Bar	cand-f7d584063c8b541b	59	B/116	B/83	B/104	B/59	B/100	B/94	no	6	0	0
Boundshift	cand-7f9254a7fff0c900	60	B/60	B/84	B/90	B/117	B/142	B/84	no	6	0	0
The Plain Machine	cand-f2e235e969a2be60	60	B/140	B/82	B/99	B/60	B/79	B/127	no	6	0	0
Valuecraft	cand-971772d88b1f7980	61	B/61	B/103	B/137	B/130	B/167	B/119	no	6	0	0
Rehearsal Guild	cand-24f7667d7ba9e800	62	B/189	B/193	B/130	B/71	B/62	B/214	no	6	0	0
Afterroot	cand-fb051ddbe584e465	63	B/63	B/74	B/66	B/91	B/78	B/66	no	0	0	0
Quiet Ledger	cand-48a624415330d3f3	63	B/350	B/288	B/171	B/119	B/63	B/270	no	6	0	0
Patch Panel	cand-b20fc9008b9eb7ab	64	B/64	B/96	B/125	B/125	B/200	B/112	no	6	0	0
Variant Press	cand-8864229af1faba73	64	B/182	B/116	B/82	B/86	B/64	B/92	no	6	0	0
Program Architecture	cand-aa721caba58e6822	65	B/120	B/70	B/162	B/259	B/374	B/65	no	6	0	0
Editrace	cand-cc8b111c59ba8b0b	66	B/66	B/79	B/72	B/97	B/96	B/71	no	6	0	0
Programma	cand-b48ff07ba0eacdae	67	B/76	B/87	B/85	B/180	B/239	B/67	no	0	1	0
TockTock	cand-ebd7c4932ee45c15	67	B/232	B/346	B/211	B/101	B/67	B/334	no	6	0	0
Calltree	cand-896a9fa2d4644e73	68	B/68	B/167	B/270	C/401	C/653	B/199	no	6	1	0
Editule	cand-725b654a76ec8ba9	69	B/69	B/108	B/150	B/132	B/177	B/144	no	6	0	0
Empirical Programs	cand-3c357aa084256e8a	69	B/282	B/69	B/249	B/312	C/402	B/114	no	6	0	0
Maybeform	cand-14e2cbd78d57c455	70	B/82	B/75	B/70	B/81	B/73	B/82	no	5	0	0
Toolrest	cand-43276133bb46ddaa	71	B/71	B/102	B/148	B/84	B/113	B/122	no	6	0	0
Declared Runtime	cand-3dc843a8216b8639	72	B/192	B/72	B/241	B/317	C/423	B/121	no	6	0	0
Handoff House	cand-d4c4bac36fa81211	72	B/214	B/180	B/95	B/112	B/72	B/129	no	6	0	0
Routewell	cand-99009c8b3037a473	72	B/72	B/97	B/96	B/74	B/84	B/97	no	5	0	0
Evidence Run	cand-1c1374a8bd97002f	73	B/180	B/73	B/216	B/230	B/331	B/78	no	6	0	0
Runthrough	cand-8bdfcfc73161b9d2	74	B/74	B/89	B/131	B/98	B/130	B/116	no	6	0	0
Not a Proof	cand-fa36c39b80ca9084	75	B/289	B/105	B/140	B/87	B/75	B/167	no	6	0	0
Little Loop	cand-406f197f478128cd	76	B/89	B/142	B/144	B/76	B/91	B/171	no	6	0	0
Relaystead	cand-a25d9842385a7b40	76	B/111	B/98	B/76	B/111	B/86	B/89	no	0	0	0
BoundarySet	cand-a25a7684fe691019	77	B/156	B/93	B/138	B/208	B/243	B/77	no	0	0	0
Copyline	cand-153e5f6f41ff5092	77	B/77	B/90	B/92	B/92	B/81	B/102	no	6	0	0
Repairable Routes	cand-37512195ad05ac9f	77	B/169	B/77	B/157	B/102	B/133	B/98	no	6	0	0
Second Thought	cand-7493d602dc79cdfb	77	B/187	B/125	B/113	B/89	B/77	B/138	no	6	0	0
Plainspan	cand-e79ee37de0b029fb	79	B/79	B/113	B/248	B/220	B/337	B/166	no	6	0	0
Gaugework	cand-55e11ead1718d12e	80	B/80	B/132	B/111	B/139	B/151	B/124	yes	6	0	0
Trial Ledger	cand-ed7beceb800807e7	80	B/122	B/81	B/80	B/80	B/104	B/81	no	6	0	0
Waystation	cand-4b5419a8324c23e0	80	B/142	B/139	B/115	B/85	B/80	B/108	no	6	0	0
Rain Gauge	cand-998ed9308bad147e	81	B/81	B/122	B/159	B/100	B/128	B/143	yes	6	0	0
Metric Press	cand-fc226ff99cfab196	82	B/119	B/128	B/126	B/82	B/109	B/117	no	6	0	0
Negative Space	cand-0a21a58d7527127c	82	B/284	B/194	B/124	B/124	B/82	B/158	no	6	0	0
Errata Loop	cand-b3b94169dc725735	83	B/83	B/99	B/93	B/99	B/103	B/93	no	5	0	0
Posterior Press	cand-472b6f2e61db489c	83	B/249	B/149	B/101	B/108	B/83	B/142	no	6	0	0
Meshward	cand-0acf44559b6266ac	85	B/85	B/187	B/88	B/145	B/122	B/133	no	6	0	0
Composcript	cand-37adf347fcb51b13	87	B/87	B/106	B/154	B/90	B/129	B/153	yes	6	0	0
Containment	cand-47acb2c42ed161a9	88	B/88	B/141	B/139	B/159	B/192	B/137	no	0	1	0
Metricline	cand-be731fc1d9b87b47	88	B/91	B/92	B/108	B/104	B/136	B/88	no	6	0	0
Foliochain	cand-5ac238fa8caf326b	90	B/280	B/209	B/122	B/152	B/90	B/146	no	0	0	0
Labmark	cand-3d02c0e441930f49	91	B/133	B/109	B/100	B/109	B/111	B/91	no	6	0	0
Tallytune	cand-e9326d52db9081e6	93	B/93	B/129	B/183	B/114	B/173	B/170	no	6	0	0
Ecotone	cand-38c642502cb43b34	94	B/162	B/177	B/114	B/122	B/94	B/140	no	6	0	0
Cut Room	cand-c3f6498d96948f0d	95	B/146	B/233	B/192	B/95	B/101	B/258	no	6	0	0
Offcut	cand-e91b779f883900bc	95	B/155	B/166	B/156	B/110	B/95	B/151	no	6	0	0
Ovia	cand-56cb5803e607a419	98	B/278	B/219	B/112	B/182	B/98	B/107	no	6	0	0
Relayroot	cand-61a1a16573adaef8	99	B/99	B/145	B/136	B/147	B/189	B/136	no	6	0	0
Tacen	cand-296d3c2830806237	100	B/100	B/131	B/127	B/168	B/190	B/131	no	6	0	0
Choicework	cand-77ab0b4ece9ed8e0	102	B/228	B/127	B/119	B/133	B/102	B/115	no	6	0	0
Declarion	cand-84ae45c813133fa6	103	B/157	B/126	B/120	B/192	B/216	B/103	no	6	0	0
Weigh	cand-63b117d528b902ed	103	B/103	B/152	B/160	B/218	B/250	B/134	no	6	1	0
Method Sheet	cand-d93d7496b3de97bb	104	B/171	B/104	B/214	B/173	B/256	B/164	no	6	0	0
Contract Runtime	cand-97d6c9f34712dc11	105	B/149	B/118	B/175	B/172	B/251	B/105	no	6	0	0
Rootstock	cand-ec6cdc05cfff7c4e	105	B/196	B/226	B/105	B/188	B/179	B/186	no	6	1	0
Elsepath	cand-8c31c80f3cd6a976	106	B/166	B/151	B/106	B/143	B/120	B/128	no	5	0	0
Open Question	cand-143bbb968aaaf050	106	B/225	B/173	B/118	B/138	B/106	B/163	no	6	0	0
Declarer	cand-bc66ff8e0fe95de2	107	B/107	B/172	B/303	B/356	C/535	B/213	no	0	1	0
Edition Lab	cand-ecdad3502c9b76b1	107	B/113	B/146	B/145	B/107	B/138	B/135	no	6	0	0
Eventmark	cand-2447b02bc4c7141f	108	B/108	B/144	B/123	B/136	B/171	B/111	no	0	0	0
Thenwork	cand-99c9c1af05d9f920	108	B/212	B/197	B/129	B/158	B/108	B/177	no	6	0	0
Predeclare	cand-ff08a557eb9b7c84	109	B/109	B/134	B/238	B/198	B/314	B/181	yes	6	0	0
Wayline	cand-484963298f3b4470	109	B/117	B/176	B/109	B/160	B/178	B/139	no	6	1	0
Signal Revision	cand-d8b8aedd489cc43f	110	B/304	B/150	B/143	B/213	B/207	B/110	no	0	0	0
Test Bench	cand-486ad88a3471e0d1	110	B/121	B/110	B/264	B/177	B/326	B/165	no	6	0	0
TikiTick	cand-ab692e99bbeb20c1	110	B/230	B/244	B/164	B/170	B/110	B/229	no	6	0	0
Traceward	cand-8f886e0ce5589a76	110	B/110	B/211	B/196	B/169	B/228	B/247	no	6	0	0
Rewindle	cand-893546f2dbfcb4d3	112	B/136	B/159	B/161	B/121	B/112	B/173	no	6	0	0
Decl.Signature	cand-f39652c02146efd8	114	B/183	B/114	B/326	B/386	C/561	B/191	no	6	0	0
Klaktik	cand-1218a208201b48e7	115	B/115	B/174	B/172	B/184	B/183	B/190	no	6	0	0
Kindling Lab	cand-4fe217279e537e25	116	B/254	B/185	B/193	B/140	B/116	B/225	yes	6	0	0
Pause Bell	cand-cc550112ee67390e	117	B/343	B/318	B/257	B/153	B/117	B/347	no	6	0	0
Joinery	cand-eded4662cb4e7e9b	118	B/118	B/178	B/151	B/242	B/282	B/183	no	6	3	0
Resumework	cand-0b674da61ef2d14d	118	B/194	B/191	B/165	B/135	B/118	B/150	no	6	0	0
Doubt Press	cand-9dfdc2b0184faa27	119	B/394	B/337	B/250	B/163	B/119	B/342	yes	6	0	0
Trace Evidence	cand-e1fe0b538bb5d6ac	120	B/202	B/147	B/158	B/120	B/139	B/159	yes	6	0	0
Plain Programs	cand-60bacbb7022d8497	121	B/181	B/121	B/333	B/240	C/414	B/218	no	6	0	0
Boundwise	cand-d9fa6fd9da6a9da2	123	B/143	B/140	B/147	B/162	B/165	B/123	no	6	0	0
Revision Field	cand-6e0157cfc092b5ef	123	B/235	B/123	B/142	B/155	B/146	B/126	no	6	0	0
Signalroom	cand-0067f601e2a19801	123	B/213	B/228	B/194	B/151	B/123	B/201	no	0	0	0
Lathra	cand-f9f66b62130eca13	124	B/263	B/261	B/134	B/196	B/124	B/188	yes	6	0	0
Module.Signal	cand-cc5815d5125ab470	124	B/124	B/155	B/178	B/241	B/304	B/156	no	0	0	0
Counterweight	cand-acc707a95009a8d8	125	B/125	B/157	B/141	B/225	B/259	B/155	no	6	1	0
Editome	cand-a0891cc49af03c6c	125	B/185	B/245	B/168	B/146	B/125	B/237	no	6	0	0
Queuecraft	cand-d3e9fa1643063738	126	B/126	B/189	B/242	B/149	B/217	B/241	yes	0	0	0
Recurra	cand-6c4a27efaa1b18aa	127	B/216	B/264	B/208	B/186	B/127	B/228	no	6	0	0
Soft Instrument	cand-27cf3af547e105bf	127	B/218	B/135	B/152	B/127	B/141	B/154	yes	5	0	0
Holdfast	cand-d1580d2df7f24b6f	128	B/128	B/206	B/153	B/246	B/260	B/180	yes	6	2	0
Handspell	cand-ea95bd3a08432870	129	B/134	B/274	B/255	B/129	B/162	B/330	no	6	0	0
Executable Plans	cand-9fe63ee9c4dc92c3	130	B/237	B/130	B/309	B/307	C/453	B/168	no	6	0	0
Result Room	cand-e51b6e848b37b81f	130	B/130	B/154	B/205	B/148	B/199	B/198	no	5	0	0
Mavren	cand-661f4012d8279f5f	131	B/418	B/420	B/186	B/264	B/131	B/222	no	6	0	0
Vesk	cand-917b56399dfd6d03	132	B/279	B/241	B/132	B/216	B/134	B/147	no	6	0	0
Pareto Program	cand-7fe426670e68293c	133	B/238	B/183	B/133	B/157	B/155	B/169	no	6	0	0
Benchletter	cand-57b976527bf67546	134	B/178	B/188	B/177	B/134	B/153	B/185	no	0	0	0
Latticeway	cand-20ddd568f55075bd	135	B/201	B/205	B/135	B/181	B/159	B/157	no	0	0	0
Setpoint	cand-27c55e322ab859e5	135	B/135	B/186	B/233	B/292	C/421	B/221	no	6	1	0
Crashroom	cand-4b361d818a4a3334	137	B/137	B/408	B/343	B/229	B/277	C/477	yes	6	0	0
Little Observatory	cand-78861fa719fb9514	137	C/438	B/283	B/300	B/175	B/137	B/386	yes	6	0	0
Decl.Transform	cand-f0bf34da905f1f6d	138	B/148	B/138	B/268	C/392	C/512	B/141	no	0	0	0
Rehearse	cand-017c3548afaae5f6	138	B/138	B/175	B/176	B/226	B/285	B/196	no	6	3	0
Exit Ramp	cand-4d7f6b68419b522b	140	B/260	B/324	B/282	B/150	B/140	B/313	no	6	0	0
Causeway	cand-c2c0a72b71b80142	141	B/141	B/210	B/189	B/299	B/335	B/223	no	6	3	0
Feedback Compiler	cand-f51d91965147c2bb	141	B/184	B/207	B/182	B/141	B/196	B/175	yes	6	0	0
Edit Mark	cand-0a02067b8fe12f32	142	B/193	B/190	B/184	B/142	B/161	B/193	no	6	0	0
Choreologue	cand-5ec86ab8d41a104d	143	B/173	B/171	B/146	B/164	B/143	B/172	yes	6	0	0
Observable Program	cand-97a3b49340268142	143	B/336	B/143	B/404	C/419	C/582	B/194	no	6	0	0
Program.OTP	cand-a906c53fa2acb41b	144	B/144	B/246	C/482	C/676	C/961	B/367	no	6	0	0
Returnal	cand-6273add346502b06	144	B/363	B/316	B/215	B/234	B/144	B/272	no	0	0	0
Aulon	cand-d6bae96be76108ec	145	B/334	B/240	B/166	B/272	B/197	B/145	no	6	0	0
BopBox	cand-a99c26f9ac79d5a4	147	B/191	B/291	B/198	B/161	B/147	B/295	no	6	0	0
Execution Topology	cand-0fa66f97c88da15a	148	B/226	B/168	B/246	B/334	B/362	B/148	no	5	0	0
Halvo	cand-0c930847b89d3596	148	B/387	B/361	B/199	B/248	B/148	B/209	no	6	0	0
Daira	cand-d03d2a1d8674b5cb	149	B/208	B/204	B/149	B/236	B/187	B/160	no	5	0	0
Exit Hatch	cand-19b6d3497033c8be	149	B/256	B/389	B/316	B/165	B/149	B/376	yes	6	0	0
Palimstate	cand-4f13059d5d07bf8e	149	B/221	B/192	B/155	B/212	B/166	B/149	yes	6	0	0
Moduscript	cand-9284686529fa0ea6	150	B/150	B/181	B/275	B/251	B/336	B/216	no	6	0	0
PipPak	cand-0e8094cf36aeae2a	150	B/186	B/272	B/190	B/176	B/150	B/277	no	5	0	0
Copyloom	cand-f9702a2234548b60	152	C/453	C/460	B/262	B/235	B/152	B/320	yes	5	0	0
Metric Limit	cand-7a3ff1910a558f3d	152	B/164	B/163	B/207	B/223	B/271	B/152	no	6	0	0
Map the Boundary	cand-113472a66526c8bd	153	B/420	B/153	B/217	B/185	B/181	B/232	no	6	0	0
Crashworthy	cand-be162e295dadf1b7	154	B/154	C/455	B/348	B/254	B/318	C/499	no	6	0	0
Signal Depot	cand-14565c0f0e286766	154	B/159	B/203	B/197	B/154	B/185	B/187	no	6	0	0
Mumo	cand-cf3e403833171794	156	B/320	B/322	B/203	B/253	B/156	B/240	yes	6	0	0
Table Read	cand-4a330d43b029d03c	156	B/241	B/200	B/223	B/156	B/157	B/239	no	5	0	0
Merrow	cand-552c321aaebc567d	158	B/385	B/407	B/234	B/247	B/158	B/318	no	6	0	0
Program Evidence	cand-0a99dab5a1087b7a	158	B/295	B/158	B/383	B/383	C/517	B/205	no	0	0	0
Aftermany	cand-6a5698551f51127c	160	B/345	B/295	B/188	B/238	B/160	B/226	no	6	0	0
Galleys	cand-e6da6ebbf0fbd47c	160	B/160	B/195	B/206	B/183	B/210	B/200	no	6	0	0
Artifact Review	cand-df546da7f3d35421	161	B/405	B/164	B/228	B/260	B/269	B/161	no	0	0	0
Chorus	cand-ca6e99a67a7a8aa2	161	B/161	B/294	B/221	B/315	B/343	B/294	no	6	3	0
Review Loop	cand-66e1195c9e67a325	162	B/190	B/162	B/202	B/217	B/270	B/174	no	5	0	0
Nodum	cand-fef3b87becdd9668	163	B/207	B/237	B/163	B/206	B/163	B/211	no	6	0	0
Prebound	cand-4ff2cb0437213163	163	B/163	B/230	B/285	B/201	B/276	B/269	no	6	0	0
Declare	cand-b7012df7548775c2	165	B/165	B/212	B/273	B/385	C/533	B/242	no	6	3	0
PingPath	cand-9c5cc7bd85a34174	166	B/222	B/250	B/261	B/166	B/172	B/285	no	6	0	0
KipClip	cand-857322ec48baf10b	167	B/195	B/169	B/173	B/167	B/168	B/184	no	6	0	0
Manyfold	cand-a277e19c4a7c561c	167	B/167	B/235	B/179	B/357	B/380	B/207	no	6	2	0
Truss	cand-f84f002b2bed908f	168	B/168	B/278	B/210	B/306	B/377	B/246	no	6	3	0
Contractum	cand-6e205855ba929632	169	B/252	B/213	B/169	B/211	B/195	B/182	no	0	0	0
Pelumo	cand-d62c04b78ab6906c	169	B/404	B/385	B/200	B/281	B/169	B/284	no	6	0	0
Keep the Exit	cand-d97e2ca5a9ea94aa	170	C/833	C/521	B/400	B/269	B/170	C/590	no	6	0	0
Pullmark	cand-b804c83cd3487afc	170	B/170	B/263	B/272	B/255	B/279	B/297	no	6	0	0
Purpose Trace	cand-281117377030f414	170	B/253	B/201	B/170	B/187	B/224	B/204	no	0	0	0
Trace Review	cand-36a3477e7749e0ab	170	B/247	B/170	B/422	B/378	C/576	B/273	no	0	0	0
Mending Kit	cand-f7e991aa4ed33c4f	171	B/258	B/265	B/284	B/171	B/180	B/331	no	6	0	0
Turntaking	cand-8127daee22d09fbf	172	B/172	B/196	B/251	B/214	B/240	B/210	no	5	0	0
Torven	cand-2262343d92a7aac6	174	B/286	B/268	B/212	B/244	B/174	B/231	no	5	0	0
Warm Baseline	cand-fb955cbb8eeb87d6	174	B/288	B/222	B/260	B/174	B/205	B/251	yes	6	0	0
Wayfind	cand-dab4f700904644c8	174	B/174	B/225	B/244	B/313	B/378	B/256	no	5	2	0
Ancestor	cand-d490151378f5fc99	175	B/175	B/312	B/252	B/283	B/303	B/307	no	0	1	0
Footnote Engine	cand-0717ee3f9d98676d	175	C/502	B/403	B/327	B/195	B/175	B/427	yes	6	0	0
Boundary Stone	cand-fb9efa91bb73e6e0	176	B/383	B/297	B/243	B/207	B/176	B/283	no	5	0	0
Sem.Compose	cand-02dc46044df34195	176	B/176	B/223	B/204	B/323	C/396	B/206	no	6	0	0
Decla	cand-b446b5da40dff3f2	177	B/177	B/179	B/187	B/330	C/384	B/178	no	6	1	0
Field Note	cand-e8c9c5c106eb2679	178	B/240	B/199	B/227	B/178	B/202	B/235	no	6	0	0
Fault Domain	cand-432d49d7e0ba1aff	179	B/179	B/236	B/277	B/239	B/261	B/259	no	5	0	0
Ostinato	cand-a339a0680b7ef761	180	B/281	B/290	B/180	B/332	B/281	B/236	no	6	1	0
Ground Condition	cand-934e4ba88072bcec	181	B/200	B/198	B/181	B/210	B/213	B/189	no	0	0	0
Bounded by Evidence	cand-a1c60959bc809aa8	182	C/594	B/182	B/320	B/335	B/327	B/279	no	6	0	0
Brickline	cand-eb8125aeaec3a7a8	182	B/308	B/332	B/239	B/191	B/182	B/268	no	5	0	0
Finding Machine	cand-65ffbdc8bd33c2ad	184	B/340	B/387	B/247	B/197	B/184	B/335	no	5	0	0
Observation Works	cand-37dfd1566c0da01b	184	B/414	B/184	B/325	B/302	B/348	B/260	no	0	0	0
Contractory	cand-a08714d4e02a9583	185	B/243	B/216	B/185	B/232	B/226	B/215	no	0	0	0
Immutable Grove	cand-43af4a9efb60d39a	186	B/293	B/258	B/266	B/200	B/186	B/316	no	6	0	0
Program.Switchboard	cand-36cd1458dba516ad	188	B/188	B/202	B/236	B/222	B/265	B/248	no	6	0	0
Kind Compiler	cand-46f53ff84c63ca5e	189	B/339	B/386	B/292	B/189	B/193	B/410	no	6	0	0
Commedia	cand-e32f657b6fe0d933	190	B/267	B/293	B/259	B/190	B/206	B/303	no	6	0	0
Contractwise	cand-a1f66293d3e0c4a4	191	B/251	B/248	B/191	B/203	B/215	B/192	no	6	0	0
Homeostat	cand-43f003dd480df883	191	B/408	B/286	B/235	B/233	B/191	B/253	no	6	0	0
Confidence Ledger	cand-ebd2ef92fcf6537f	193	B/219	B/215	B/267	B/193	B/241	B/219	no	0	0	0
Keep Score	cand-53fc9512bafdfb8e	194	B/294	B/255	B/339	B/194	B/266	B/352	no	6	0	0
Uvara	cand-c5cf974582a859dc	195	B/392	B/269	B/222	B/343	B/263	B/195	no	6	0	0
Looplet	cand-f7f6681bf74bfb78	197	B/197	B/280	B/253	B/270	B/297	B/290	no	5	1	0
Qalara	cand-c4d1e24d054fb710	197	B/368	B/276	B/209	B/303	B/222	B/197	yes	0	0	0
Echo Echo	cand-77a2f4f32dde9a0a	198	B/397	C/452	B/363	B/209	B/198	C/486	no	6	0	0
Spawnmark	cand-99d1596b5b7cf803	198	B/198	B/350	C/448	B/337	C/430	B/466	no	0	0	0
Caliper	cand-58783b218b78dfcf	199	B/199	B/220	B/288	C/402	C/577	B/227	no	6	3	0
Yieldcraft	cand-fa0d6f97d610155d	199	B/206	B/214	B/232	B/199	B/220	B/208	no	5	0	0
Northing	cand-d15936fca1f483c7	201	B/229	B/253	B/226	B/215	B/201	B/230	no	6	0	0
Stewardry	cand-94801fed5cc5f45e	201	B/352	B/336	B/201	B/257	B/227	B/267	no	5	0	0
Optimization Backplane	cand-f0f6727fc17ce621	202	C/446	B/208	B/231	B/280	B/231	B/202	no	6	0	0
Transit Map	cand-33069ab39691206f	202	B/375	B/310	B/245	B/202	B/204	B/289	no	6	0	0
Draft Council	cand-b16ef2642a6d3f6b	203	B/391	B/300	B/313	B/205	B/203	B/308	no	0	0	0
Transforma	cand-b058eaa52a55c0db	203	B/204	B/232	B/224	B/321	B/355	B/203	no	0	1	0
Tend	cand-4f0a1f5aef53e953	205	B/205	B/348	B/295	C/448	C/488	B/323	no	6	3	0
The Margins	cand-ef093eb04a3f20d0	208	C/440	B/320	B/290	B/231	B/208	B/357	yes	6	0	1
Archive Bloom	cand-0bf05e19fce2edb8	209	B/381	B/419	B/314	B/243	B/209	B/377	no	5	0	0
Receipt	cand-6f32860910ca0fb2	209	B/209	B/252	B/213	B/273	B/280	B/234	no	6	1	0
Scope Token	cand-8d6c88cbd8838009	210	B/210	B/260	B/296	B/252	B/311	B/250	yes	6	0	0
Revise	cand-aa53d35cdecfe4a2	211	B/211	B/217	B/338	C/465	C/650	B/275	no	6	3	0
Tukut	cand-a8bfbe9a0cdce3a9	211	C/497	C/468	B/271	B/351	B/211	B/338	no	6	0	0
Damping	cand-fc738e51f9ec905c	212	B/283	B/259	B/289	B/295	B/330	B/212	no	0	0	0
Manytime	cand-51735085f8d1b9f2	212	B/329	B/356	B/230	B/261	B/212	B/292	no	6	0	0
Process Boundary	cand-32fd87a8050468ed	215	B/215	B/307	C/485	C/433	C/540	B/434	no	6	0	0
Descendant	cand-ae8783437e5ad31c	217	B/231	B/229	B/225	B/298	B/312	B/217	no	0	1	0
Elynd	cand-183487a3159c0890	218	B/259	B/262	B/218	B/309	B/234	B/224	no	6	0	0
Maybe Better, Measured	cand-7ba22a8edc8c144e	218	C/577	B/218	B/359	B/362	B/319	B/332	no	6	0	0
Probli	cand-6d10977680e5773e	218	B/303	B/357	B/220	B/262	B/218	B/287	no	0	0	0
Ask Twice	cand-9abac30a95271bb0	219	B/309	B/360	B/407	B/219	B/264	B/459	no	6	0	0
Telari	cand-389efd3ad231e3a3	219	B/323	B/309	B/219	B/297	B/245	B/238	no	5	0	0
ZingZag	cand-3a9fc3226e8eb086	219	C/483	C/573	B/368	B/282	B/219	C/511	yes	6	0	0
Local Optimum	cand-018b68bc7b10bf8b	220	C/452	B/238	B/276	B/228	B/235	B/220	no	6	0	0
Testprint	cand-a8d37935dbc3e749	220	B/220	B/308	B/357	B/373	C/541	B/353	no	6	1	0
Measure Twice	cand-caa4fd228fdcbe6c	221	B/413	B/353	B/377	B/221	B/229	B/464	no	6	0	0
Polyreturn	cand-c6b6d3e5ad325168	221	B/359	B/330	B/254	B/256	B/221	B/274	no	0	0	0
Runtime.Backplane	cand-97d556823c8d7347	221	B/255	B/221	B/315	C/408	C/448	B/233	no	5	0	0
Ancestry Loop	cand-c88fe8f6be27c380	223	B/296	B/289	B/229	B/245	B/223	B/244	no	6	0	0
Program.Backplane	cand-5a19469f3b41c1bc	223	B/223	B/227	B/286	B/347	C/412	B/245	no	0	0	0
Actionline	cand-f53d8cf4c0c4a86c	224	B/224	B/273	B/319	B/308	C/394	B/299	no	0	1	0
Findings Kit	cand-d1dd00695cccdcee	224	B/311	B/224	B/373	B/294	B/373	B/314	no	0	0	0
Capability Envelope	cand-a0dc4f24ca1dd225	225	C/592	B/257	B/258	B/291	B/225	B/261	yes	6	0	0
Process Island	cand-f0810e7306f96dad	227	B/227	B/328	B/349	B/249	B/273	B/401	no	5	0	0
Read the Receipt	cand-24e4465db034515e	227	B/369	B/266	B/317	B/227	B/246	B/420	no	6	0	0
Morna	cand-71645369f0fea194	230	B/312	B/380	B/310	B/276	B/230	B/333	yes	5	0	0
Callable Runtime	cand-e7e8d558f66a56bf	231	C/439	B/231	C/549	C/593	C/745	B/298	no	6	0	0
MimoMimo	cand-788fb59c2c233a60	232	C/772	C/713	B/418	C/412	B/232	C/627	yes	6	0	0
Remedy Desk	cand-72046e28add1b533	233	C/583	C/613	C/463	B/274	B/233	C/599	no	6	0	0
Switchyard	cand-3e865a8f1fca8d39	233	B/233	B/416	B/312	C/473	C/549	B/362	yes	6	3	0
Flowgate	cand-bb1fc19ac4b9a238	234	B/234	B/317	B/329	C/436	C/547	B/301	no	6	2	0
Measurecraft	cand-5e9bcf9fe73a21d4	234	B/401	B/234	B/274	B/266	B/286	B/254	no	0	0	0
Mend	cand-7f1f4f910a8324e2	236	B/236	B/421	B/336	C/446	C/532	B/422	no	6	3	0
Policyturn	cand-5b46ebc2a7cbfdc9	236	B/356	B/323	B/287	B/271	B/236	B/265	no	0	0	0
Doubt Machine	cand-178b371546525a18	237	B/347	C/456	B/345	B/237	B/252	B/436	yes	6	0	0
Hand Over	cand-1bebe8c370515c20	237	C/597	B/435	B/351	B/301	B/237	B/341	no	6	0	0
Hortus	cand-f7e31f554a8c168a	237	B/248	B/281	B/237	B/338	B/328	B/271	no	6	1	0
Remnantweave	cand-e8f2fcbd36ad4c29	238	B/371	B/282	B/240	B/296	B/238	B/281	no	0	0	0
Bufferline	cand-9f2db64ce73fc36a	239	B/239	B/311	B/364	B/284	B/349	B/324	no	0	0	0
References-First Runtime	cand-129d33fc16cb9947	239	C/733	B/239	B/346	C/425	B/359	B/296	no	6	0	0
Artifact Pipeline	cand-b11e561d400a4781	242	B/349	B/242	B/381	C/442	C/575	B/252	no	6	0	0
Pactera	cand-9db3306400d08816	242	C/585	C/485	B/301	B/363	B/242	B/349	no	0	0	0
Practica	cand-cf22a8a09367f980	242	B/242	B/270	B/293	B/388	C/426	B/263	no	5	1	0
Modulogue	cand-9d534e6059bdc4b6	243	B/262	B/243	B/280	B/316	B/340	B/282	yes	0	0	0
Pluralis	cand-84afa517a96d12d3	243	B/269	B/247	B/256	B/304	B/287	B/243	no	0	0	0
DapDap	cand-bfa4619c9ff2d5fe	244	C/514	C/519	B/328	B/374	B/244	B/396	no	0	0	0
Speclet	cand-07702b5e545d0cdd	244	B/244	B/447	C/522	C/500	C/669	C/519	no	0	1	0
Form.Contract	cand-946e8b137f6ebb4d	245	B/245	B/365	C/493	C/492	C/644	B/409	no	0	0	0
Retune	cand-71eb4fc726a3976d	246	B/246	B/305	B/414	C/611	C/758	B/329	no	0	2	0
Theseus Index	cand-632a7e5305e4590d	247	C/599	C/467	B/294	B/345	B/247	B/348	no	0	0	0
Runtime.Program	cand-4e02022dab589978	249	B/348	B/249	C/611	C/811	C/1045	B/309	no	6	0	0
Ruvia	cand-8abe390407db4a5d	249	B/327	B/299	B/297	B/310	B/249	B/249	no	6	0	0
Guildmode	cand-c79fb58a115fd66b	250	B/321	B/339	B/324	B/250	B/254	B/317	yes	5	0	0
Labscript	cand-d73740dacaf4bcf0	250	B/250	B/302	B/374	C/526	C/689	B/319	no	6	2	0
Pareto Trace	cand-2a6561dd86aadfc2	251	B/357	B/251	B/318	B/286	B/334	B/255	no	0	0	0
Trialform	cand-9922cf093f14e21e	254	B/264	B/254	B/308	B/289	B/315	B/266	no	0	0	0
Quiet Channel	cand-670bdda511ea2916	255	C/500	C/478	B/406	B/285	B/255	B/453	no	6	0	0
Measured Help	cand-3ebb3bd907ab9f7c	256	B/317	B/256	B/394	B/328	B/371	B/311	no	0	0	0
Artifact.Control	cand-2ff26636a097e4c5	257	B/333	B/314	B/263	C/409	B/364	B/257	no	0	0	0
Ortaq	cand-b4bcdafba592d37b	257	B/257	B/284	B/302	B/320	B/307	B/291	no	6	0	0
Program Commons	cand-f03b13ed95b32e4a	258	C/533	C/538	B/304	B/319	B/258	B/400	no	6	0	0
Softstop	cand-42f6b5da77c9de32	258	B/292	B/362	B/361	B/258	B/275	B/361	yes	0	0	0
Boundary Child	cand-60b8c10d0e3914b3	261	B/261	B/438	C/585	C/459	C/587	C/588	no	0	0	0
Amoni	cand-f52e6b7599a67ba3	262	B/313	B/335	B/265	C/503	C/434	B/262	no	0	1	0
Tender Baselines	cand-ef80f7ae3e06e2c1	262	C/506	B/342	B/334	B/263	B/262	B/383	yes	6	0	0
Artifact.Route	cand-6f9535d978ff3a32	264	C/435	B/306	B/306	C/514	C/477	B/264	no	6	0	0
Edit Desk	cand-3bf59309fb665043	265	B/398	B/397	B/411	B/265	B/288	B/391	no	0	0	0
Signpost	cand-84359f255ff0f6aa	265	B/265	B/285	B/340	C/474	C/589	B/300	no	6	3	0
Scorekeeper	cand-fbcaa177be170610	266	B/266	B/298	B/353	C/406	C/574	B/336	yes	6	2	0
Human Interval	cand-f77cfad9c825b333	267	C/464	B/333	B/354	B/290	B/267	B/355	no	6	0	0
Ordinary Program	cand-a2936b4a50c3cb2c	267	B/287	B/267	C/542	C/434	C/622	B/388	no	6	0	0
Tukey Ledger	cand-be36312b87936889	267	B/384	B/292	B/291	B/267	B/283	B/293	no	0	0	0
Bounder	cand-8477a98f3cc04a01	268	B/268	B/329	B/341	B/277	B/308	B/315	no	6	0	0
Measured Mote	cand-5aebdf5bfdd8858d	268	B/314	B/271	B/299	B/278	B/268	B/302	no	0	0	0
Succession	cand-a130ddbc4e7fc2b9	269	B/300	C/525	B/269	C/471	C/428	B/356	no	6	2	0
Module.Dispatch	cand-a6cc720975db4ff6	270	B/270	B/364	C/528	C/679	C/866	B/369	no	0	0	0
Signatura	cand-68bef6f86606449e	271	B/271	B/321	B/281	C/423	C/442	B/304	no	0	1	0
Handrail	cand-589e723490b7f155	272	B/272	B/374	B/378	B/327	C/411	B/389	no	6	1	0
Quiet Loop	cand-c67d825924ce1e2e	272	B/425	B/400	B/376	B/300	B/272	B/428	yes	0	0	0
Mailbox Loom	cand-7e79c261a9c970c3	273	B/273	C/544	C/621	C/461	C/495	C/692	no	6	0	0
Capacity Gate	cand-b407ef98637cac7e	274	B/274	B/355	C/530	C/407	C/507	B/385	no	0	0	0
Forkever	cand-faa459bf01d7aad4	274	B/335	C/466	B/358	B/288	B/274	B/429	no	6	0	0
Program	cand-1310ca2c8932dbd1	275	B/277	B/275	C/458	C/821	C/1057	B/280	no	6	3	0
Program With Receipts	cand-63a6b2ec8d8bdfbc	275	C/756	B/345	C/501	B/275	B/290	C/621	no	6	0	0
Treadle	cand-fa2dcc179e78832e	275	B/275	B/368	B/347	C/432	C/461	B/364	no	5	1	0
Gridline	cand-c54d030bae694e05	276	B/276	B/394	B/408	C/502	C/612	B/375	no	6	2	0
Threshold	cand-497e22fe854a24bc	276	B/299	B/296	B/307	C/456	C/543	B/276	no	6	3	0
Trace Switchboard	cand-2bb666e2de4d9730	277	B/318	B/277	C/457	B/387	C/523	B/337	no	6	0	0
Kavra	cand-ea092e5c049f4c9f	278	B/331	C/497	B/356	B/339	B/278	B/442	no	0	0	0
Nulo	cand-5267323e8b6d9d27	278	B/395	B/443	B/278	C/400	B/300	B/306	no	0	0	0
Search Space	cand-e24757f1abe666e8	278	C/457	B/313	B/365	C/458	C/564	B/278	no	0	0	0
Declared Programs	cand-bfd684916a190bd4	279	C/539	B/279	C/624	C/677	C/812	B/398	no	6	0	0
Sona	cand-9a5a846499c7f459	279	B/351	C/479	B/279	B/367	B/299	B/374	no	6	3	0
Trace Grace	cand-d3cfc76bbfc8f4c5	279	B/302	B/343	B/384	B/279	B/294	B/426	no	6	0	0
Voroa	cand-046798f55d8da5fa	283	C/508	C/496	B/283	C/464	B/305	B/327	no	6	0	0
Blastwall	cand-436390383ab01cc7	284	B/332	C/600	C/439	B/287	B/284	C/567	no	6	0	0
Statefold	cand-1e57186a6aced872	285	B/285	B/426	B/428	C/595	C/673	B/411	no	0	1	0
Revocable Runtime	cand-6adc3b37e2778a29	286	C/557	B/304	B/360	C/440	C/425	B/286	no	5	0	0
Program.Mesh	cand-93f889bf2d7bb41e	287	B/319	B/287	B/362	C/542	C/617	B/321	no	0	0	0
Aftermetric	cand-539a5b3f91dba2a5	288	C/521	B/327	B/323	B/381	B/370	B/288	no	0	0	0
Sideguide	cand-050a8a67242b5a0a	289	C/509	B/406	B/399	B/322	B/289	B/402	no	0	0	0
Reclare	cand-988e873592b169b8	290	B/290	B/334	B/305	B/325	B/354	B/310	no	0	1	0
Editorial Assembly	cand-2ee7cf35892a8dfe	291	C/511	B/367	B/344	B/348	B/291	B/394	yes	0	0	0
Timefold	cand-eb7e36b9ef0fa567	291	B/291	C/494	B/332	C/525	C/501	B/423	yes	6	1	0
Commonrail	cand-9c168f7f01899a73	293	B/307	B/434	B/337	B/293	B/295	B/384	no	6	0	0
Lumae	cand-e98c65cb29522662	293	C/490	C/487	B/366	B/371	B/293	B/379	no	6	0	0
Derivative Line	cand-bbc11f91d8f388a3	296	C/695	C/654	C/443	C/396	B/296	C/553	no	6	0	0
Hinge	cand-7706c3c94d5f9b59	297	B/297	B/376	B/298	B/375	C/398	B/368	yes	6	3	0
Ravuqi	cand-fe1909087453e9f1	298	B/360	B/358	B/311	B/391	B/298	B/305	no	6	0	0
Span	cand-37a0025aa1f2e29f	298	B/298	C/631	C/716	C/728	C/913	C/677	no	6	3	0
Lineage Search	cand-039ffc8f163ef54c	301	C/620	B/301	C/507	C/505	C/594	B/381	no	6	0	0
Plainspoken	cand-f61f55b3326f2075	301	B/301	B/402	C/470	B/318	C/399	B/455	no	0	0	0
Ternarytide	cand-c94c0a8424c5b552	301	C/645	C/624	C/441	C/427	B/301	C/506	no	6	0	0
Check Chime	cand-f03354d43a159318	302	B/374	B/409	B/417	B/305	B/302	B/440	no	0	0	0
Empirical Program	cand-4f20ce04e6f0ed7f	303	C/704	B/303	B/401	C/452	C/438	B/325	no	6	0	0
Rejoin	cand-a58e6e7f676cce7a	305	B/305	C/489	C/483	C/539	C/579	C/492	no	0	2	0
Draftline	cand-5341f30c9895c183	306	B/306	B/372	B/380	C/515	C/568	B/351	no	0	1	0
Local Rules	cand-4704e1a357e7c54e	306	C/515	B/423	C/476	B/311	B/306	B/461	no	0	0	0
Shadow Price	cand-231b7180f52a8c4b	309	C/611	C/558	B/382	B/369	B/309	B/462	no	0	0	0
Continuum Mesh	cand-e9dfebc2ba7b06a0	310	C/623	C/625	B/415	C/399	B/310	B/468	no	0	0	0
Scorecard	cand-8fad3e916b98df98	310	B/310	B/347	C/511	C/509	C/693	B/371	no	6	2	0
Planbridge	cand-7d3e3d30e15c6416	312	C/498	B/352	B/367	B/376	C/403	B/312	no	0	0	0
Echoheir	cand-ba96a170f215b974	313	C/499	C/549	B/388	B/384	B/313	B/467	no	0	0	0
Benchproof	cand-c4c7e33d30a259d1	314	B/346	C/535	C/489	B/314	C/405	C/571	no	6	0	0
Beam.Flow	cand-a9ae02a2e0794e7c	315	B/315	B/433	C/826	C/708	C/977	C/750	yes	6	0	0
Quiet Result	cand-6ac50084f2cf4ed7	315	C/436	B/315	C/434	B/326	B/339	B/390	yes	5	0	0
Beamline	cand-e25fa2d4082aa3cf	316	B/316	C/616	C/632	C/819	C/939	C/645	no	0	2	0
Weather Glass	cand-74785a40d0cbeafe	316	C/606	C/453	C/487	B/341	B/316	C/481	yes	5	0	0
Recoverbook	cand-443a85203f2ebc64	317	C/570	C/572	C/490	B/350	B/317	C/538	no	0	0	0
Contestability Hook	cand-7e36b998ffec6a32	319	C/668	B/319	B/385	B/389	B/346	B/392	no	0	0	0
Reply Garden	cand-c08f60ab44e780d8	320	C/526	C/581	C/484	B/353	B/320	C/607	yes	6	0	0
Secular Vow	cand-8122365dd540f720	321	C/637	C/669	C/518	B/361	B/321	C/640	no	6	0	0
Shared Track	cand-d44ea9a38612e0eb	321	B/338	B/390	B/321	B/359	B/376	B/346	no	6	0	0
Calculance	cand-10592d7bd81dbdc1	322	B/330	B/381	B/322	B/331	B/322	B/328	no	6	0	0
Declar	cand-a3183374dfa67598	322	B/322	B/325	B/419	C/528	C/611	B/345	no	0	0	0
Declarative	cand-163cdcfcb7ad9fc4	322	B/432	B/351	C/519	C/831	C/997	B/322	no	6	3	0
Prior Art	cand-74eb02c5ee27b4c8	323	C/437	C/454	B/396	B/336	B/323	B/457	no	0	0	0
Ablation House	cand-68f90f5afa26ccb4	324	C/516	B/384	B/431	B/324	B/356	B/448	no	5	0	0
Maybe Better	cand-19bfac800e90b7e0	324	C/687	C/508	C/541	B/360	B/324	C/617	yes	6	0	1
Restart Ledger	cand-0454be98c17667c0	324	B/324	C/563	C/561	B/372	C/431	C/699	no	6	0	0
Footnote	cand-50c490aaee45ad3b	325	B/325	B/399	B/386	C/429	C/460	B/370	no	6	2	0
Zimble	cand-12c719e1d40a8b9a	325	B/386	B/446	B/405	B/349	B/325	B/404	no	5	0	0
Appeal	cand-da7e2d4b40b63f98	326	B/326	C/463	B/413	C/490	C/520	B/449	no	6	2	0
Provenance	cand-96d815328a42cb4e	326	B/417	B/326	C/436	C/803	C/923	B/326	no	0	4	0
Steward	cand-76faa0295e4f0a68	328	B/328	B/338	B/335	C/435	C/444	B/340	no	0	3	0
Drift Gauge	cand-565a2e505746f5aa	329	C/465	B/410	C/525	B/329	C/400	B/414	no	0	0	0
Revia	cand-dc91fbdeefb51fd2	329	B/403	C/475	B/330	C/395	B/329	B/399	no	0	0	0
Program Contracts	cand-2d938acfca3ce91f	331	C/547	B/331	C/532	C/501	C/572	B/412	no	6	0	0
Zelm	cand-8b47d661a885bf69	331	B/427	C/481	B/331	C/494	B/365	B/360	yes	5	0	0
Practicefield	cand-a66b4c3acfd401de	332	C/693	B/413	C/437	B/370	B/332	B/425	no	4	0	0
Ask What Changed	cand-48abd341887e63de	333	C/857	C/470	C/595	B/365	B/333	C/709	no	6	0	0
Calculary	cand-4901dc92f59edaf7	333	B/358	B/439	B/387	B/333	B/360	B/413	no	0	0	0
Rulebook	cand-72b6689cf49c7b5f	337	B/337	C/490	C/512	C/609	C/778	C/535	no	6	2	0
Tracekin	cand-74a59632733bc29e	338	B/361	B/388	B/350	B/352	B/338	B/354	no	0	0	0
Artifact IR	cand-336fb3a1a4dd0845	339	C/541	B/393	B/355	C/535	C/566	B/339	no	5	0	0
Protocol Notebook	cand-6716bbe92b66361c	340	C/494	B/340	B/433	C/426	C/478	B/373	no	0	0	0
Reason Record	cand-9a1153576eb2d1a9	340	C/450	B/382	B/421	B/340	B/361	B/439	no	0	0	0
Evalis	cand-9e7a85bf62956f37	341	B/373	B/341	C/469	C/616	C/763	B/372	no	0	2	0
Genba	cand-d4360b75c423a1dc	341	B/367	C/505	B/352	B/344	B/341	B/465	no	6	0	0
Procession	cand-5785c2e5f5e92f14	341	B/341	C/609	C/616	C/688	C/797	C/635	no	0	1	0
Chronofold	cand-2d47745b708c58bf	342	C/510	C/552	B/342	C/557	C/466	B/405	no	0	1	0
Score Draft	cand-0177e1bb482dca46	342	B/342	B/395	C/505	B/342	C/433	B/430	no	0	0	0
Telemetry Orchard	cand-4b2c5b2baa6fb0d7	342	C/595	C/722	C/582	B/364	B/342	C/722	no	0	0	0
Program Pallet	cand-a8541fe357bed052	343	B/416	B/349	B/409	B/346	C/388	B/343	no	0	0	0
Backthread	cand-ce4a509826d421e9	344	B/344	C/516	B/372	C/563	C/559	B/460	no	5	1	0
Carebound	cand-b73b5a4c5b816fbe	344	C/493	C/607	C/499	B/390	B/344	C/556	no	5	0	0
Revision Engine	cand-f2657422134fc289	344	B/390	B/370	B/397	C/453	C/536	B/344	no	0	0	0
Structure and Route	cand-43779a15d66d2fdd	344	C/737	B/344	C/699	C/731	C/857	C/485	no	6	0	0
Loomcraft	cand-ffbeae45f4610057	345	C/633	C/698	C/502	B/382	B/345	C/620	yes	5	0	0
Orriva	cand-319432904d335ab0	347	C/538	C/547	B/375	C/517	B/347	B/393	no	5	0	0
Program.Dock	cand-d7f861535aa6ecad	350	B/411	B/366	C/468	C/445	C/516	B/350	no	0	0	0
Recoursal	cand-687159d58a37e15f	350	C/721	C/633	C/450	C/469	B/350	C/541	yes	6	0	0
Practice Ledger	cand-f97d22eb9fea9e66	351	C/707	C/477	C/494	C/394	B/351	C/533	no	5	0	0
Jacquard Rehearsal	cand-20619d172fbe39d9	352	C/725	C/577	C/455	C/411	B/352	C/659	no	6	0	0
Brake Light	cand-40dd58be64d23868	353	C/576	C/780	C/592	B/358	B/353	C/756	no	6	0	0
Contract.Maybe	cand-826f21c2a6c8b134	353	B/353	B/404	C/635	C/660	C/811	C/507	yes	0	0	0
Candidate Set	cand-2138e27ad104169b	354	C/491	B/354	C/606	C/482	C/623	B/395	no	6	0	0
RhymeRun	cand-9da4a9b51d600b6f	354	B/419	C/515	C/477	B/354	B/363	C/508	no	0	0	0
Statemetry	cand-0085b4c6ae36e8d6	354	B/354	C/591	C/488	C/462	C/498	C/520	no	0	0	0
CueThread	cand-400c17e5e8ff5dcc	355	B/365	B/405	B/426	B/355	B/369	B/433	yes	0	0	0
Waymark	cand-fc5e5674ca535729	355	B/355	C/523	C/543	C/658	C/774	C/542	no	6	3	0
Retentionary	cand-06485b78d0dae51c	357	C/741	C/534	B/391	C/477	B/357	B/419	no	0	0	0
Playbook Commons	cand-25fe3af3f65ea5fb	358	C/686	C/524	C/498	C/410	B/358	C/546	yes	0	0	0
Resumary	cand-d7820c13d910dc69	358	B/407	B/369	B/371	C/413	C/408	B/358	no	0	0	0
Relayance	cand-995fc38d4fdbc00f	359	C/530	B/359	B/430	C/547	C/538	B/365	no	0	0	0
Stewardship	cand-d9031c7a59b5dc5d	359	C/635	C/471	B/432	C/540	C/462	B/359	no	0	0	0
Call Sheet	cand-e10f12ba78de714d	362	B/362	C/507	C/523	C/444	C/526	C/539	no	5	0	0
Contract Routing	cand-dd5c427c6f3aa225	363	C/609	B/363	C/685	C/598	C/704	C/476	no	0	0	0
Versionstem	cand-0932b1ee6d489b2e	363	C/470	B/424	B/369	C/479	C/417	B/363	yes	0	0	0
Temper	cand-ca98e82217aeefd8	364	B/364	C/503	C/464	C/556	C/629	C/488	no	6	3	0
Compositum	cand-57223f538d3df8f8	366	B/423	B/431	B/398	C/485	C/479	B/366	no	0	0	0
Semantistry	cand-06f704c73bc2f6e1	366	B/366	B/401	B/379	B/377	C/391	B/437	no	0	0	0
Teleonomy	cand-f63c3ef358d7aac6	366	C/548	B/436	B/392	C/439	B/366	B/380	no	6	0	0
Tiny Promise	cand-a890e50c38e7c679	366	C/591	C/590	C/673	B/366	C/409	C/672	no	6	0	0
Common Table	cand-2a2305d0f6d5cea7	367	C/689	C/506	C/466	C/424	B/367	B/451	no	5	0	0
Last Known	cand-d8cd5d851b6415d1	368	C/480	B/427	B/424	C/397	B/368	B/438	no	0	0	0
Proof Shelf	cand-4e89c9ec26628aea	368	C/519	C/589	C/537	B/368	C/389	C/615	no	0	0	0
Repertory	cand-b7ec61319904b3d7	370	C/472	B/414	B/370	C/541	C/518	B/403	no	5	1	0
Tunerly	cand-441f94cbb1f77383	370	B/370	B/411	C/503	B/379	C/457	B/407	no	6	0	0
Ablation Engine	cand-3871a41782c5bffb	371	C/655	B/371	C/513	C/404	C/480	B/421	no	6	0	0
Bracket	cand-11c1eee0e02516b1	372	B/372	C/472	C/526	C/687	C/828	B/454	no	6	3	0
Cairnledger	cand-ca6ff5877bf60892	372	B/429	C/469	B/402	B/380	B/372	B/456	no	0	0	0
Epistemic Status	cand-187f32f21786a848	373	C/688	B/373	C/444	C/475	C/418	B/417	no	0	0	0
Call What You Can Measure	cand-9708faf22243a895	375	C/910	B/375	C/558	C/506	C/450	C/579	no	6	0	0
Dear Metric	cand-f7c25e6e6e1c0298	375	C/672	C/645	C/608	C/393	B/375	C/687	yes	5	0	0
Lintel	cand-744551e0b7c09943	376	B/376	C/562	C/531	C/723	C/796	C/574	no	0	3	0
Call-and-Check	cand-5aa52022b1056905	377	C/447	B/377	C/706	C/636	C/850	C/543	no	0	0	0
Callable.Stack	cand-a7e03ca89fc8319c	377	B/377	B/378	C/529	C/581	C/676	B/431	no	0	0	0
Imprint	cand-e7444343ba0a70a2	378	B/409	B/441	B/395	C/619	C/670	B/378	no	5	3	0
Tracetext	cand-63f443ab28780965	378	B/378	B/448	C/702	C/531	C/718	C/526	no	6	0	0
Latch	cand-83b6a889a09a5360	379	B/379	C/626	C/509	C/569	C/626	C/586	no	6	3	0
Learning Bench	cand-9ebbea7fde20e9bf	379	C/486	B/379	C/617	C/538	C/682	B/445	no	0	0	0
Turing Margin	cand-dc858d222e04304f	379	C/602	C/592	B/427	C/415	B/379	C/505	no	0	0	0
Witness	cand-ba1c566a4bad288c	380	B/380	C/542	C/504	C/713	C/809	C/532	no	6	4	0
Keepafter	cand-9b2f5f6b8a450cea	381	C/642	C/493	B/429	C/472	B/381	B/458	no	0	0	0
Bearing	cand-ee48a9c289450df1	382	C/444	C/458	B/389	C/588	C/610	B/382	no	0	3	0
Black Box Garden	cand-055a03d129fbd553	382	C/1032	C/896	C/646	C/498	B/382	C/857	yes	6	0	0
Tuning Fork	cand-94190e61a47cfc9e	382	B/382	C/543	B/416	C/430	C/415	C/536	no	6	1	0
Akaru	cand-4edf0429e43cb3f9	383	C/581	C/644	C/471	C/455	B/383	C/596	no	0	0	0
Show the Work	cand-7c00d6294a740028	383	C/648	B/383	C/597	C/532	C/591	C/510	no	5	0	0
Protocol Dock	cand-8d7055caa53255c4	385	C/747	C/597	C/556	C/447	C/385	C/528	no	6	0	0
Hopper Cue	cand-49b9a4a551af8319	386	C/661	C/747	C/533	C/421	C/386	C/717	no	6	0	0
Revison	cand-426e3ae416c7856d	387	C/527	B/422	B/420	C/521	C/483	B/387	yes	0	0	0
Wayleave	cand-68d46546b6e98cac	387	C/563	C/531	C/467	C/416	C/387	B/470	no	6	0	0
Programmar	cand-9b4aea3fa547c3bb	388	B/388	C/482	C/459	C/635	C/681	C/478	no	0	1	0
Returnable	cand-2017f33a249a964b	389	B/389	C/632	C/574	C/577	C/593	C/591	no	6	0	0
Likelihood Works	cand-4749f026852f61a9	390	C/653	C/513	C/453	C/403	C/390	C/491	no	0	0	0
Minora	cand-27e14a751758ccaa	390	C/468	C/623	B/390	C/513	C/429	C/473	no	0	1	0
Runtime Dispatch	cand-df0bbe8041449c8e	391	C/481	B/391	C/796	C/824	C/1041	C/516	no	6	0	0
Anyaman	cand-25006c1edd8c4414	392	C/463	C/518	B/425	C/422	C/392	C/495	no	0	0	0
Transform Programs	cand-97970c28fa978adc	392	C/683	B/392	C/740	C/797	C/943	C/559	no	5	0	0
Contain	cand-dd9245cc1ddc69c8	393	B/393	C/551	C/600	C/758	C/863	C/589	no	0	2	0
Uncertainty Budget	cand-24d6995dae81be0f	393	C/684	B/417	C/451	C/398	C/393	B/416	no	6	0	0
Variate	cand-a5bf5ed239320e0c	393	C/433	B/425	B/393	C/553	C/588	B/397	no	0	1	0
Harbor Mesh	cand-0c3a6cf39929eda3	395	C/680	C/693	C/460	C/496	C/395	C/581	no	5	0	0
Learning by Trying	cand-cad3f2b316c4d52a	396	C/667	B/396	C/680	C/460	C/569	C/667	no	5	0	0
Refrain	cand-040f521d2c01bb99	396	B/396	C/587	C/495	C/510	C/511	C/534	yes	6	2	0
Fly Loft	cand-034d70a6dafa9d1b	397	C/760	C/835	C/631	C/488	C/397	C/783	no	6	0	0
Meaning Boundaries	cand-b70898094acb630b	398	C/764	B/398	C/567	C/612	C/633	C/487	no	0	0	0
Gather	cand-e9da0bd78f29fd83	399	B/399	C/459	C/580	C/630	C/727	C/514	no	6	2	0
Lineage	cand-0713f136ea316c8f	400	B/400	C/462	C/478	C/776	C/875	B/447	no	6	3	0
Chapbook	cand-ba45da7cba74cb2b	401	C/579	C/606	C/569	C/418	C/401	C/564	yes	5	0	0
RestartOne	cand-66f04fe008a37480	402	B/402	C/705	C/883	C/670	C/753	C/868	no	0	0	0
Nura	cand-34625eefa2d05d6f	403	C/507	C/619	B/403	C/628	C/519	C/479	no	6	1	0
Praxis Commons	cand-60ce3af1ddd983a2	404	C/793	C/692	C/555	C/519	C/404	C/638	no	5	0	0
Keyhole Budget	cand-33481f9b6d2bd1d0	405	C/492	C/694	C/718	C/405	C/469	C/821	no	6	0	0
Mosaic	cand-19818c00e27a5381	406	B/406	C/571	C/550	C/716	C/818	C/549	no	6	4	0
Noriq	cand-87bb9649bedc5c92	406	C/593	C/514	B/423	C/662	C/513	B/406	no	0	0	0
Demodular	cand-a0590c9e739cd60c	407	C/545	C/561	C/442	C/450	C/407	B/435	no	0	0	0
Empiric	cand-abb06a5e8238e595	408	C/501	B/445	C/456	C/727	C/775	B/408	no	0	2	0
Bearing Point	cand-0f49dd2aef38d13c	410	C/537	C/522	C/491	C/428	C/410	C/544	no	0	0	0
Nemi	cand-4946fe05f3bb7318	410	C/588	C/586	B/410	C/666	C/514	B/432	no	0	1	0
Turnstile	cand-7ada3cb954611466	410	B/410	C/585	C/564	C/693	C/815	C/576	yes	6	3	0
DSE/1	cand-79d5ebb65efa7f21	412	C/495	B/412	C/625	C/790	C/847	C/540	no	0	0	0
Falsifier	cand-d83fbab870e6b762	412	C/445	C/539	B/412	C/431	C/441	C/474	no	6	1	0
Restarts	cand-0ecbf1d2e65ec845	412	B/412	C/651	C/725	C/599	C/667	C/689	no	0	0	0
Feedback Hall	cand-4581054360f52fd2	413	C/840	C/799	C/697	C/520	C/413	C/785	yes	0	0	0
Scratchpad Press	cand-a0fb299d52a7ca18	414	C/551	C/473	C/496	C/414	C/424	C/518	yes	0	0	0
Composable Signatures	cand-f0132e4e4a4c44e8	415	C/656	B/415	C/662	C/793	C/909	C/509	no	0	0	0
Limenwork	cand-9251712884484c11	415	C/476	B/418	C/435	C/483	C/443	B/415	no	0	0	0
Redelimit	cand-5a540c5e1c7ac748	415	B/415	B/428	C/472	C/487	C/502	B/424	no	0	0	0
Show the Revision	cand-4f81c9b7043f060b	416	C/835	B/444	C/596	C/463	C/416	C/649	no	5	0	0
Proofsheet	cand-3bd2cf0d29446ca3	417	C/479	C/603	C/438	C/417	C/420	C/573	no	0	1	0
Probablet	cand-d1dca374ce145af4	418	C/478	B/432	C/475	C/493	C/503	B/418	no	0	0	0
Monoculture	cand-57c56d0b98756050	419	C/676	C/889	C/682	C/451	C/419	C/762	yes	6	0	0
Peer Draft	cand-08c5e76038e69e09	420	C/580	C/596	C/630	C/420	C/451	C/632	no	0	0	0
BEAM:MANY	cand-20620682343d990a	421	B/421	C/486	C/747	C/805	C/932	C/758	no	6	0	0
Unbind	cand-7f93200652bb4292	422	B/422	C/712	C/605	C/574	C/590	C/698	yes	5	2	0
Vrumtok	cand-2bd0c465ce1bc0fc	422	C/691	C/857	C/640	C/562	C/422	C/753	no	6	0	0
Orient	cand-ded579862da80bf4	424	B/424	C/540	C/481	C/651	C/705	C/475	no	0	2	0
Sumaqa	cand-d697715f5e5c8865	426	B/426	C/595	C/454	C/480	C/437	C/569	no	6	0	0
Trophic	cand-2c82a060740f4e63	427	C/573	C/697	C/527	C/508	C/427	C/616	no	0	0	0
Redeclare	cand-29c8877fa050fecd	428	B/428	C/528	C/599	C/674	C/780	C/522	no	0	1	0
Resume Point	cand-afcc9d175bb3b4b6	429	C/717	B/429	C/690	C/626	C/688	B/463	no	0	0	0
Abstain	cand-5a6e8c3572f806a8	430	B/430	C/578	C/547	C/511	C/539	C/575	yes	6	1	0
Declaration Engine	cand-96336b0686f79dee	430	C/694	B/430	C/703	C/759	C/900	C/497	no	0	0	0
Handoff	cand-249215fed826e1cf	431	B/431	C/502	C/566	C/740	C/852	C/496	no	6	4	0
Scene Partner	cand-bf9d389f9f24e065	432	C/783	C/752	C/675	C/499	C/432	C/788	no	5	0	0
Assemble	cand-63ebfab6ce4e84c4	434	C/434	C/480	C/517	C/705	C/782	C/489	no	0	3	0
Maintenance Rota	cand-b0f7c35fbac097c8	435	C/774	C/637	C/637	C/466	C/435	C/648	yes	0	0	0
Signal Workshop	cand-ca4d6eafb6d3727e	436	C/482	C/570	C/447	C/454	C/436	C/545	no	6	0	0
Benchmark Court	cand-26e22b0db8540c05	437	C/729	C/662	C/552	C/437	C/439	C/651	yes	6	0	0
Published Measure	cand-e8c0840e8674730f	437	C/723	B/437	C/656	C/579	C/641	C/482	no	5	0	0
Handoff Log	cand-74ffa73ef59bf168	438	C/657	C/530	C/710	C/438	C/455	C/676	no	0	0	0
Bravik	cand-93ddbc711d0da45c	440	C/634	C/639	C/440	C/602	C/447	B/452	no	4	0	0
Council Seat	cand-6a248f330f5291cf	440	C/990	C/981	C/795	C/567	C/440	C/955	no	6	0	0
DECLARE|CALL	cand-3e606ba29b1401d7	440	C/755	B/440	C/759	C/870	C/998	C/618	no	0	0	0
Learnloop	cand-15af4e628c14ea24	441	C/451	C/483	C/508	C/546	C/598	B/441	no	0	0	0
Runbook Science	cand-d3465abd4e970edc	441	C/663	C/488	C/559	C/441	C/459	C/577	no	6	0	0
Versule	cand-5bea249d170188e4	441	C/441	C/450	C/520	C/481	C/493	C/480	no	0	0	0
Assaru	cand-af2b94db6e92a904	442	C/442	C/574	C/506	C/491	C/471	C/561	no	6	0	0
Program Namespace	cand-0894d6a9ad7b9d94	442	C/618	B/442	C/901	C/1135	C/1368	C/490	no	6	0	0
Boring on Purpose	cand-50291860eff2fb7b	443	C/724	C/627	C/728	C/443	C/446	C/900	yes	6	0	0
Folios	cand-814e1a9f3e5c358a	443	C/471	C/510	C/449	C/601	C/634	B/443	no	0	1	0
Sema	cand-9c9e592f19dbce91	443	C/443	C/611	C/563	C/747	C/798	C/580	no	0	3	0
Lineament	cand-ec6e02b0f210c78f	444	C/504	C/495	C/465	C/625	C/570	B/444	no	0	0	0
Quorin	cand-1ea3c608f0ecfb1c	445	C/462	C/621	C/445	C/633	C/601	C/529	no	0	1	0
Zeno's Gate	cand-532ea9b5dd52476f	445	C/924	C/657	C/576	C/589	C/445	C/690	no	0	0	0
Ayni	cand-592d3181e2bfea3e	446	C/542	C/678	C/446	C/592	C/499	C/612	no	5	1	0
Steady State	cand-282102eea2e44ff8	446	C/473	C/492	C/486	C/594	C/627	B/446	no	0	1	0
Trestle	cand-5e05a1dc0086678d	448	C/448	C/583	C/515	C/673	C/685	C/531	no	0	3	0
Careful Calling	cand-df12e3c5c6579b70	449	C/626	C/464	C/568	C/449	C/491	C/634	no	0	0	0
Empty Crown	cand-51bd275b86646720	449	C/970	C/859	C/712	C/587	C/449	C/790	yes	6	0	0
Maproom	cand-36ddea8791b4db78	449	C/449	C/569	C/479	C/560	C/560	C/515	no	6	1	0
Port of Entry	cand-84d7abd88f849b37	449	C/564	C/449	C/524	C/518	C/496	C/502	no	0	0	0
Intentus	cand-72c3b7a913ddc4a9	450	C/550	C/491	C/452	C/522	C/470	B/450	no	0	0	0
Signature Programs	cand-5f22213ff831a93e	451	C/639	C/451	C/870	C/738	C/945	C/681	no	0	0	0
Baraza	cand-f1b5f354646970ed	452	C/712	C/739	C/583	C/545	C/452	C/624	no	5	0	0
Backpress	cand-6102baca5ac77cfa	454	C/454	C/789	C/856	C/711	C/805	C/851	yes	0	0	0
Weather Vane	cand-aa6ec97be55c1e43	454	C/876	C/714	C/627	C/576	C/454	C/761	no	0	0	0
Signalbox	cand-45f2aebd240cb351	455	C/455	C/711	C/620	C/755	C/806	C/705	no	6	3	0
Backstop	cand-6e6025c5164a4cae	456	C/456	C/702	C/534	C/578	C/630	C/622	no	6	2	0
Folimod	cand-225b50809953ff05	456	C/818	C/749	C/521	C/648	C/456	C/560	no	0	0	0
Better by Example	cand-d9cc3d9356370a06	457	C/600	C/504	C/609	C/457	C/524	C/665	yes	0	0	0
Bounded Help	cand-a92117adcbd9e577	457	C/598	C/457	C/666	C/571	C/664	C/583	no	0	0	0
Legacyweft	cand-ea079b61082b403a	458	C/699	C/744	C/562	C/583	C/458	C/647	no	0	0	0
Rework	cand-9a78524f26e359d5	458	C/458	C/536	C/619	C/785	C/915	C/537	no	5	3	0
Underpin	cand-29924fc9f15af5b4	459	C/459	C/474	C/570	C/686	C/760	C/503	no	0	2	0
Warm Start	cand-1b09205bfac669e7	460	C/460	C/511	C/615	C/484	C/585	C/610	no	0	0	0
Checkpoint	cand-47320987f9a49d5b	461	C/536	C/461	C/536	C/754	C/865	C/494	yes	6	4	0
Naliqo	cand-277917b91c70b5a4	461	C/647	C/656	C/461	C/654	C/492	C/504	no	0	0	0
Sem.Interpret	cand-45dc2396988008ac	461	C/461	C/602	C/648	C/714	C/787	C/594	no	0	0	0
Ombra	cand-e393d2af86a51b0b	462	C/713	C/666	C/462	C/779	C/621	B/472	no	0	2	0
Fitless	cand-ecdd78d785e8ed3f	463	C/559	C/674	C/651	C/476	C/463	C/650	yes	6	0	0
Noova	cand-49e54378b344d6a8	464	C/842	C/777	C/560	C/663	C/464	C/563	yes	4	0	0
Explainable-ish	cand-27dba8301b21bebf	465	C/572	C/465	C/554	C/468	C/528	C/592	no	6	0	0
Virel	cand-9b27e3e0e1f18dba	465	C/752	C/704	C/480	C/618	C/465	C/517	no	0	0	0
Reframe	cand-6a389c7394f883d6	466	C/466	C/604	C/674	C/868	C/1020	C/605	no	0	3	0
Custodian	cand-ce40a8882fd16339	467	C/467	C/498	C/500	C/597	C/604	C/484	no	0	2	0
Rolework	cand-7d8c706f736c4790	467	C/575	C/661	C/618	C/497	C/467	C/661	yes	5	0	0
Small Findings	cand-aa3482127ed7d8eb	467	C/711	C/541	C/729	C/467	C/487	C/664	yes	6	0	0
Worldview Port	cand-3bcc0da4de3b0b6a	468	C/939	C/748	C/701	C/568	C/468	C/739	no	5	0	0
Ivara	cand-07f7a764af0f865a	469	C/722	C/650	C/474	C/834	C/671	B/469	no	0	1	0
Mix+Metric	cand-9129e58c48d35640	469	C/469	C/553	C/723	C/777	C/891	C/754	yes	0	0	0
Probe Edition	cand-467aca1359342a51	470	C/658	C/484	C/473	C/470	C/473	B/471	no	0	0	0
Kitabu	cand-bae72be1741e7fc7	472	C/566	C/636	C/540	C/533	C/472	C/587	no	5	0	0
Pausery	cand-c0adacea44249f93	474	C/552	C/529	C/544	C/523	C/474	C/527	no	0	0	0
Transduce	cand-2d47e6f9bc8b14e6	474	C/474	C/557	C/510	C/764	C/835	C/501	no	0	2	0
Scavenge	cand-8f781b5e8f53fe5e	475	C/475	C/642	C/586	C/590	C/605	C/628	no	0	1	0
The Shared Road	cand-24e7223531db7358	475	C/814	C/683	C/665	C/559	C/475	C/693	yes	0	0	0
Callable Contracts	cand-5dbdfa529d6ed656	476	C/603	C/476	C/688	C/689	C/817	C/566	no	0	0	0
Lockwork	cand-9ddf5444d518a501	476	C/714	C/826	C/664	C/534	C/476	C/724	no	0	0	0
Open Route	cand-61c4bb6ba3b51e85	477	C/477	C/537	C/516	C/639	C/720	C/493	no	0	1	0
Control Group	cand-ca663dafb4880c36	478	C/518	C/614	C/598	C/478	C/553	C/608	yes	0	0	0
Make Good	cand-7c540c15e922326a	481	C/853	C/890	C/735	C/586	C/481	C/872	no	5	0	0
Practice Circle	cand-6aed6870d73ce474	482	C/886	C/809	C/677	C/552	C/482	C/743	no	5	0	0
Schema Port	cand-71dea4f9f09fa6ca	483	C/546	C/501	C/546	C/489	C/510	C/483	yes	0	0	0
Afterstorm	cand-c32e27afb1216b19	484	C/740	C/934	C/751	C/544	C/484	C/858	yes	0	0	0
Picnic.Semantics	cand-841477e08661b525	484	C/484	C/617	C/584	C/495	C/494	C/685	yes	5	0	0
Accord	cand-b4ef49fb50c0c07d	485	C/485	C/533	C/548	C/671	C/762	C/498	no	6	3	0
Sloyd	cand-dfb81e82b0d45f27	485	C/517	C/576	C/497	C/524	C/485	C/547	yes	6	0	0
Fussy Little Program	cand-c3201d8052f77023	486	C/651	C/685	C/914	C/486	C/632	C/1036	no	6	0	0
Margin	cand-34e39f662ff56641	486	C/489	C/594	C/492	C/512	C/486	C/550	no	6	2	0
Program.Bus	cand-924202e7418e9274	487	C/487	C/658	C/828	C/918	C/1100	C/732	no	0	0	0
Friction	cand-b0de598f2e8e4753	488	C/488	C/709	C/652	C/767	C/822	C/670	no	6	2	0
Tending	cand-d0c6a3083e984fe7	489	C/812	C/687	C/668	C/555	C/489	C/746	yes	0	0	0
Sigma Press	cand-ce6436d5d0304866	490	C/692	C/582	C/607	C/516	C/490	C/562	no	0	0	0
Anvil	cand-50bc66d8aae5ae90	496	C/496	C/635	C/603	C/730	C/825	C/570	no	6	4	0
Repair Rite	cand-4d1967d675c6430d	497	C/666	C/778	C/671	C/543	C/497	C/781	yes	6	0	0
run.ctrl	cand-78d87d894f69ed42	499	C/512	C/499	C/643	C/753	C/841	C/554	no	0	0	0
Compile Logistics	cand-18497443f43d7cc4	500	C/677	C/500	C/573	C/507	C/544	C/521	yes	5	0	0
Praxon	cand-2ccb2493fba4df07	500	C/596	C/615	C/539	C/608	C/542	C/500	no	0	0	0
The Commons Table	cand-b5e43e0157af6d62	500	C/1056	C/708	C/724	C/624	C/500	C/798	no	4	0	0
Playcraft	cand-f16e3232bf125c44	503	C/503	C/663	C/545	C/536	C/550	C/680	no	6	1	0
Jacquard Card	cand-fe3084390c5ac5d3	504	C/836	C/941	C/737	C/610	C/504	C/843	no	6	0	0
Teach Back	cand-328fd4f2d16a40ec	504	C/610	C/517	C/638	C/504	C/551	C/584	no	4	0	0
Riffle	cand-9716bcbf5bcdff3d	505	C/505	C/720	C/591	C/606	C/631	C/669	no	4	3	0
Stillpoint	cand-5af22a29b4365d99	505	C/820	C/763	C/696	C/607	C/505	C/695	yes	5	1	0
Thrumbl	cand-8aae7c01fc6df248	506	C/624	C/671	C/535	C/629	C/506	C/595	no	0	0	0
Drafting Room	cand-5e3d7c38e595e9a9	508	C/867	C/634	C/676	C/550	C/508	C/720	no	0	0	0
Despacio	cand-3d9d76375e115725	509	C/590	C/641	C/634	C/537	C/509	C/631	no	6	0	0
Transit Contract	cand-f988c2832aa3b08f	509	C/823	C/509	C/654	C/672	C/692	C/558	no	0	0	0
Calibra	cand-8950e548b5dbabcb	512	C/646	C/593	C/572	C/814	C/894	C/512	no	0	2	0
Dclare	cand-19ede83106f38266	512	C/543	C/512	C/642	C/760	C/827	C/555	no	0	0	0
Demandline	cand-61e0a183d473bf8e	513	C/555	C/550	C/614	C/564	C/556	C/513	no	0	0	0
EVIQ	cand-58bec0214b34fb8b	513	C/513	C/675	C/722	C/748	C/793	C/696	yes	0	0	0
Provenant	cand-0854d90c01f167fb	514	C/614	C/567	C/514	C/883	C/869	C/524	no	0	3	0
Exchange Terms	cand-0c4e2471ad189aff	515	C/896	C/690	C/644	C/585	C/515	C/525	yes	6	0	0
Built Program Systems	cand-3179f82e793be216	520	C/880	C/520	C/797	C/1052	C/1190	C/572	no	0	0	0
Reconcile	cand-e2c30d5926482901	520	C/520	C/628	C/657	C/809	C/883	C/597	no	6	3	0
Boundarium	cand-4d30a74f27ca78a7	521	C/654	C/599	C/553	C/561	C/521	C/565	yes	0	0	0
Loadseason	cand-1821c94f483f330e	522	C/696	C/785	C/717	C/582	C/522	C/803	yes	6	0	0
Repair	cand-a1a14ff4aab4f1d3	522	C/522	C/620	C/579	C/718	C/794	C/609	no	0	1	0
Mortise	cand-eac14119f691c446	523	C/523	C/721	C/660	C/878	C/954	C/718	no	5	3	0
Substitution	cand-6c4907c0653a336f	523	C/534	C/610	C/623	C/752	C/802	C/523	no	6	1	0
Reflow	cand-5fde57db9bba0084	524	C/524	C/670	C/604	C/699	C/730	C/601	no	0	3	0
Abstention	cand-f45d6797c6e658ea	525	C/525	C/559	C/587	C/614	C/672	C/548	no	0	1	0
Leave Room	cand-46eac59d1dad30d9	525	C/1176	C/984	C/1004	C/668	C/525	C/1091	no	6	0	0
Translation Layer	cand-aa4a56431f5c1524	526	C/804	C/526	C/1016	C/1011	C/1222	C/713	yes	0	0	0
Program.Signature	cand-842e60ba9e113065	527	C/544	C/527	C/757	C/836	C/980	C/604	no	0	0	0
Syntax Picnic	cand-f050112021d847e5	527	C/727	C/804	C/831	C/527	C/527	C/898	yes	6	0	0
Fixed Point	cand-48999f1c257311ee	528	C/528	C/640	C/557	C/575	C/619	C/598	no	6	1	0
Open Passage	cand-0f8394ef2efd7bf6	529	C/558	C/605	C/565	C/554	C/529	C/582	no	0	0	0
Rootchild	cand-85ac943370f5cccd	529	C/529	C/686	C/628	C/646	C/654	C/729	no	0	0	0
Working Rules	cand-24fa338abe6b02f2	529	C/669	C/566	C/641	C/529	C/546	C/623	no	0	0	0
Open Trial	cand-1ee0b1f8a87a8dc3	530	C/643	C/598	C/672	C/530	C/609	C/666	no	0	0	0
Ritework	cand-e58d36e0f61625fe	530	C/800	C/755	C/684	C/642	C/530	C/730	no	0	0	0
Transform Lab	cand-cc302d965197b428	530	C/768	C/545	C/589	C/631	C/638	C/530	no	0	0	0
Recoverant	cand-8a50b2b3735759cb	531	C/531	C/568	C/590	C/613	C/581	C/551	no	0	0	0
Sigiloom	cand-1c7e2c336eea87a0	531	C/788	C/827	C/663	C/649	C/531	C/768	yes	6	0	0
Anneal	cand-5c210c2c24b21de8	532	C/532	C/769	C/678	C/837	C/944	C/708	no	0	3	0
Cantilever	cand-0386bcf29f469e0e	532	C/565	C/532	C/551	C/715	C/744	C/585	yes	0	1	0
Mark the Missing	cand-11df60aecdc328eb	534	C/1052	C/718	C/869	C/572	C/534	C/920	no	6	0	0
Bind	cand-f08dd851c430f52f	535	C/535	C/717	C/816	C/984	C/1139	C/726	no	6	4	0
The Scholium Layer	cand-6c304acb98f93bb1	537	C/1205	C/766	C/693	C/773	C/537	C/748	no	0	0	0
Motif	cand-7d0c43beb087fdf3	538	C/587	C/691	C/538	C/931	C/983	C/578	yes	6	4	0
Edge.Ask	cand-fb55a68d093826e7	540	C/540	C/575	C/709	C/680	C/741	C/641	no	0	0	0
Succession State	cand-9bd8c6e54c7054c0	545	C/935	C/837	C/689	C/684	C/545	C/725	no	0	0	0
Observe	cand-74e892c91130daa5	546	C/578	C/546	C/781	C/905	C/1108	C/652	no	6	3	0
Interpreter Bridge	cand-5149e50264679296	548	C/808	C/548	C/978	C/815	C/1035	C/737	no	5	0	0
Playtest	cand-7fc94a350d5bcf9c	548	C/584	C/612	C/622	C/548	C/628	C/660	no	6	2	0
Signal Delay	cand-2a18ea0e84a38027	548	C/660	C/703	C/687	C/549	C/548	C/642	no	0	0	0
Red Pen	cand-5324af0d83e7b68f	549	C/549	C/682	C/670	C/638	C/724	C/694	no	6	1	0
The Bench	cand-a8f1c4b16b1f7f3a	551	C/631	C/556	C/733	C/551	C/645	C/662	no	6	0	0
Ostrom Table	cand-0436c8de598fd7dc	552	C/1151	C/1033	C/811	C/750	C/552	C/926	no	0	0	0
Traceback	cand-5e57096f3183d8a5	552	C/554	C/580	C/659	C/657	C/769	C/552	no	0	1	0
Mycelial	cand-d75e24e35a0e6949	553	C/553	C/707	C/577	C/788	C/747	C/630	no	5	1	0
Provisional	cand-d077068b1262657f	554	C/621	C/554	C/812	C/792	C/925	C/663	no	5	0	0
Working Paper	cand-628ebb81c4099a41	554	C/893	C/643	C/727	C/566	C/554	C/675	no	0	0	0
Glass Labyrinth	cand-5a7a3e94575325c2	555	C/926	C/1062	C/850	C/641	C/555	C/987	yes	0	0	0
Optimization Witness	cand-1aade730b3cd09f0	555	C/792	C/555	C/669	C/623	C/635	C/688	yes	6	0	0
Cadenza	cand-564d7fb939fb6d3c	556	C/556	C/689	C/629	C/782	C/791	C/674	yes	4	2	0
Routecraft	cand-721d9ef0938c4c3e	557	C/616	C/608	C/575	C/604	C/625	C/557	no	0	1	0
Shannon Margin	cand-17b5232a7f05cc9c	557	C/817	C/886	C/715	C/573	C/557	C/792	no	0	0	0
Maybe Works	cand-57c38d6fae47346c	558	C/806	C/925	C/844	C/558	C/565	C/996	yes	6	0	0
Show the Limit	cand-82ec44e6d79d5fdf	558	C/1066	C/700	C/839	C/640	C/558	C/804	no	0	0	0
Instrux	cand-52015c66c090571e	560	C/560	C/655	C/861	C/966	C/1205	C/747	yes	0	1	0
Shared Bearings	cand-a26c393e03916870	560	C/798	C/560	C/647	C/621	C/600	C/619	no	0	0	0
Crossing	cand-d916ba52b3f83d67	561	C/561	C/652	C/679	C/798	C/873	C/625	no	6	2	0
Patchgarden	cand-eb20a39e312ce033	562	C/786	C/803	C/748	C/603	C/562	C/767	no	5	0	0
Tinker	cand-fcf36428e8298e58	562	C/562	C/726	C/832	C/876	C/1078	C/782	no	6	3	0
Regenome	cand-5339997620d1b837	563	C/665	C/725	C/581	C/605	C/563	C/633	no	0	0	0
Workbench	cand-d85b40105dd0b9cd	564	C/652	C/564	C/738	C/842	C/946	C/657	no	6	3	0
Careful Guess	cand-909082e8aaa8d7a1	565	C/641	C/740	C/786	C/565	C/603	C/794	yes	5	0	0
Doubt Before Merge	cand-2ae0fc38ee86f856	565	C/921	C/565	C/840	C/622	C/649	C/823	no	6	0	0
Heterotime	cand-4d55011489b5d356	567	C/839	C/727	C/571	C/698	C/567	C/602	no	0	0	0
Redline	cand-7f411c23e7d9d268	567	C/567	C/648	C/594	C/643	C/696	C/629	no	0	3	0
Compost	cand-10f3ed5a602b717e	568	C/568	C/779	C/578	C/717	C/695	C/702	no	6	3	0
Plura	cand-eff1ce8df21a18bd	568	C/708	C/716	C/602	C/845	C/771	C/568	no	0	1	0
Composition Bus	cand-ca0ba05d1c55ebdc	569	C/569	C/579	C/691	C/653	C/773	C/614	no	0	0	0
Bring Examples	cand-a77a33ebb30dd626	570	C/801	C/677	C/834	C/570	C/618	C/887	no	0	0	0
Empty Chair	cand-2fb918583f19794a	571	C/1039	C/1057	C/909	C/665	C/571	C/1003	yes	6	0	0
Spellwork	cand-e367ac846e21d494	571	C/571	C/855	C/694	C/690	C/739	C/835	no	6	1	0
Method Loom	cand-3ec151cc7fd1a750	573	C/644	C/715	C/601	C/584	C/573	C/626	yes	0	0	0
Module Root	cand-2f33a579ebfe2848	574	C/574	C/696	C/875	C/1111	C/1259	C/636	no	0	0	0
Greenroom	cand-0400f17f3b65dc82	578	C/702	C/723	C/686	C/591	C/578	C/719	no	0	1	0
Better Bits	cand-024e3bb2500c0f6f	580	C/701	C/810	C/752	C/580	C/624	C/801	no	6	0	0
Fault Orchard	cand-6fcf7e34a36c32f2	580	C/777	C/967	C/873	C/650	C/580	C/1065	yes	6	0	0
Rivet	cand-992952a966f8868f	582	C/582	C/668	C/707	C/825	C/957	C/668	no	0	4	0
Khipura	cand-c0336469fba4bd58	583	C/586	C/756	C/588	C/647	C/583	C/733	no	6	0	0
Inheritide	cand-d9b0d41e322ca206	584	C/750	C/647	C/610	C/685	C/584	C/606	no	0	0	0
prog::beam	cand-b149480fe0d852ee	584	C/659	C/584	C/814	C/1033	C/1165	C/799	no	6	0	0
Evidence Bureau	cand-0ae3034934d3843c	586	C/865	C/688	C/653	C/637	C/586	C/673	no	0	0	0
LM Traffic Control	cand-42ee5baf7f1b9033	588	C/767	C/588	C/681	C/678	C/709	C/643	no	0	0	0
Shuttle	cand-48f42260a8448caa	589	C/589	C/790	C/803	C/841	C/902	C/771	yes	6	3	0
Keep It Local	cand-dc23748419d19939	592	C/1139	C/976	C/955	C/710	C/592	C/990	no	0	0	0
Arpeggio	cand-4ab7ae4bf9dea8ae	593	C/601	C/618	C/593	C/884	C/949	C/613	no	0	3	0
Publication Context	cand-be5702c0eb840f1c	593	C/1028	C/681	C/749	C/804	C/722	C/593	yes	0	0	0
Uncertain Press	cand-3a0e09fc51049f6d	595	C/949	C/659	C/767	C/627	C/595	C/678	no	0	0	0
Little Contract	cand-d6639a2744812872	596	C/628	C/729	C/838	C/596	C/708	C/882	no	0	0	0
Namespace Customs	cand-15a060aa7a0070a1	596	C/731	C/629	C/636	C/600	C/596	C/637	no	0	0	0
Ritora	cand-ea0096cdaef67819	597	C/759	C/985	C/744	C/681	C/597	C/867	no	6	0	0
Common Cause	cand-d3d7343366e4b2a6	599	C/905	C/787	C/800	C/661	C/599	C/777	no	6	0	0
Artifact Control Plane	cand-699ee59091b7586c	600	C/1145	C/684	C/649	C/830	C/712	C/600	no	5	0	0
Program Router	cand-bbb92dc7423128c4	601	C/605	C/601	C/824	C/645	C/792	C/644	no	6	0	0
Almost Surely	cand-97005ff48bd04851	602	C/1092	C/1072	C/915	C/652	C/602	C/1139	yes	6	0	0
Orivo	cand-fae27102f1d0a1bb	603	C/743	C/772	C/613	C/944	C/819	C/603	no	0	1	0
Combinator	cand-05d98bade3156361	604	C/604	C/745	C/764	C/1002	C/1153	C/684	no	6	3	0
Stop Work	cand-10b53c347cf86957	606	C/932	C/882	C/880	C/644	C/606	C/914	yes	6	0	0
Arrow Soup	cand-d483e0ed6a11603e	607	C/607	C/922	C/944	C/634	C/697	C/1015	yes	6	0	0
Breathroom	cand-ca663d50f96b87dd	607	C/854	C/1020	C/931	C/632	C/607	C/999	yes	4	0	0
Draft	cand-7743ce348d9284d6	608	C/608	C/767	C/841	C/964	C/1128	C/813	yes	6	4	0
Stay Within Bounds	cand-62b1be357b0170f2	608	C/1161	C/784	C/865	C/692	C/608	C/927	no	0	0	0
Instrumentum	cand-3308d471e8319820	611	C/787	C/646	C/633	C/857	C/826	C/611	no	0	1	0
Epochal	cand-891a8d7f558fd02d	612	C/679	C/737	C/612	C/897	C/878	C/646	no	0	2	0
Moor	cand-a6fe369adc6a8f95	612	C/612	C/817	C/789	C/963	C/1014	C/810	no	0	2	0
Replication Guild	cand-16befc8e94c0c190	613	C/995	C/793	C/713	C/696	C/613	C/714	no	0	0	0
Understudy	cand-1aae809381b4d2e5	613	C/613	C/864	C/756	C/733	C/734	C/842	no	5	2	0
The Honest Error	cand-3559af985f5f47b8	614	C/1016	C/888	C/912	C/655	C/614	C/1082	yes	6	0	0
Bargaining Table	cand-5b776560e95e016c	615	C/1337	C/1223	C/1093	C/795	C/615	C/1240	no	0	0	0
Command Stack	cand-39e5b708afca6cac	615	C/615	C/853	C/788	C/694	C/801	C/752	no	0	0	0
No Magic Required	cand-f42e49b3d18a0cab	615	C/1006	C/762	C/951	C/615	C/639	C/1020	no	6	0	0
Baramun	cand-1f9e9d45ea9e81c4	616	C/738	C/794	C/650	C/707	C/616	C/700	no	0	0	0
Loam	cand-7c91b7fa1a5d79ff	617	C/617	C/833	C/667	C/835	C/831	C/735	no	5	3	0
Loop Tollbooth	cand-3ed28e6aa8da4acf	617	C/748	C/824	C/799	C/617	C/655	C/854	no	6	0	0
Shareless	cand-463e451716763cb6	619	C/619	C/836	C/857	C/737	C/711	C/889	no	6	0	0
Lesson Loop	cand-d232d4f5f7090a2b	620	C/698	C/742	C/819	C/620	C/658	C/829	no	0	0	0
Somara	cand-249ef2496973f9da	620	C/906	C/971	C/755	C/780	C/620	C/789	no	0	0	0
Runtime Handover	cand-8ef377a00d513461	622	C/726	C/622	C/847	C/743	C/790	C/686	no	0	0	0
Slate	cand-b62f3b3b1b40cb86	622	C/622	C/798	C/822	C/977	C/1092	C/765	no	6	4	0
Moduledger	cand-2a500d2141494c6a	625	C/625	C/830	C/818	C/721	C/757	C/807	no	0	0	0
Dramaturgy	cand-538dcdef056ebc5f	626	C/816	C/732	C/626	C/725	C/646	C/658	no	5	0	0
Measure	cand-1501661682797862	627	C/627	C/765	C/908	C/1070	C/1207	C/769	no	6	3	0
Rota	cand-0c436f942f94caf2	629	C/629	C/786	C/750	C/890	C/926	C/773	yes	0	3	0
Bricole	cand-f22d619526002606	630	C/630	C/673	C/639	C/732	C/666	C/654	yes	5	0	0
Return Control	cand-bc3ba987a249e9ac	630	C/909	C/630	C/871	C/706	C/723	C/796	no	6	0	0
Not Magic	cand-f23b3006fbfaf791	632	C/632	C/664	C/829	C/669	C/738	C/742	yes	6	0	0
Deliberate	cand-2277d8c05881e3c9	636	C/636	C/701	C/721	C/919	C/988	C/656	no	5	2	0
Negative Result	cand-2002dace96f10041	636	C/1014	C/914	C/809	C/712	C/636	C/849	no	5	0	0
Workshop Protocol	cand-1fdba4d52a6d4f75	637	C/882	C/660	C/711	C/659	C/637	C/653	no	0	0	0
Form.Interpreter	cand-b953830fcbb1219e	638	C/685	C/638	C/806	C/827	C/897	C/679	no	6	0	0
Orchard	cand-68566dc699f6bb9e	638	C/638	C/905	C/742	C/874	C/871	C/840	no	6	4	0
Construct Validity	cand-5a703d01df13f2d5	639	C/1121	C/679	C/801	C/726	C/700	C/639	yes	6	0	0
Sana	cand-7b50943dab3f7f92	640	C/640	C/887	C/992	C/1021	C/1178	C/950	no	0	3	0
Set the Table	cand-718c4cf136e24071	640	C/1256	C/1035	C/988	C/763	C/640	C/1133	no	4	0	0
Hidden Hand	cand-a9d8c3e1a3f8b20c	642	C/1026	C/1225	C/991	C/736	C/642	C/1183	yes	6	0	0
Keep the Boundary	cand-5a2f6b2b8593a4ef	643	C/1049	C/733	C/835	C/734	C/643	C/891	no	0	0	0
WEAVE	cand-775e432bb7ff3e08	645	C/871	C/850	C/645	C/920	C/889	C/741	no	6	4	0
Appeal Window	cand-7b7eef92fcc20f68	647	C/1087	C/1081	C/957	C/697	C/647	C/1098	no	5	0	0
When It Should Abstain	cand-2f0e988060dd5c10	648	C/1108	C/741	C/934	C/720	C/648	C/983	no	6	0	0
Inter-Rater	cand-43ca251c90c7a192	649	C/827	C/649	C/893	C/744	C/880	C/671	no	0	0	0
Silsila	cand-7b1c1abc157edda4	649	C/649	C/834	C/695	C/846	C/879	C/811	no	0	2	0
Cede	cand-6dc9ada6d504b961	650	C/650	C/746	C/714	C/820	C/821	C/704	yes	0	1	0
The Repair Shop	cand-aacb695d6e5ae980	651	C/1045	C/986	C/860	C/768	C/651	C/1023	no	6	0	0
Tenet Box	cand-8cbf7cfaa4a58ab5	652	C/757	C/863	C/787	C/667	C/652	C/815	no	0	0	0
Objective Function	cand-c701643b248d5b04	653	C/887	C/653	C/770	C/822	C/885	C/683	no	0	0	0
EVID	cand-7ecc43002a520ec1	655	C/690	C/680	C/655	C/745	C/756	C/655	no	0	0	0
Run, See, Fix	cand-d1fbbfd383066a41	656	C/885	C/730	C/872	C/656	C/699	C/940	no	0	0	0
Unfinished Bridge	cand-b91f6522c32381cd	656	C/1224	C/1026	C/956	C/774	C/656	C/1094	yes	6	0	0
Listening Post	cand-aca55cb56085ead8	657	C/852	C/862	C/763	C/691	C/657	C/817	no	0	0	0
Counterpoint	cand-5f9ed9097b6f915b	658	C/765	C/775	C/658	C/849	C/808	C/766	no	0	3	0
Do Not Guess	cand-682da59c18dd89d2	659	C/872	C/854	C/866	C/682	C/659	C/975	no	0	0	0
Keepwell	cand-590103ae682bc134	660	C/891	C/1063	C/879	C/746	C/660	C/924	no	0	0	0
Measurement Error	cand-95f576344123da9a	661	C/1041	C/917	C/960	C/675	C/661	C/1026	no	0	0	0
Vitruvia	cand-fd881f2517900a70	661	C/790	C/781	C/661	C/813	C/731	C/715	no	0	1	0
Rights-Impact Register	cand-e46b7623f2337a60	662	C/1120	C/734	C/791	C/762	C/662	C/712	yes	0	0	0
Rudder	cand-37d80f43f43cd48f	662	C/662	C/788	C/720	C/891	C/956	C/745	no	0	4	0
Rill Drill	cand-51afd0e22df566a8	663	C/794	C/828	C/780	C/700	C/663	C/893	no	5	0	0
Quirelay	cand-81189e9b1abeb4dc	664	C/664	C/759	C/793	C/742	C/733	C/806	no	6	0	0
Use Your Words	cand-c568a6e5e4510b9d	664	C/915	C/998	C/1000	C/664	C/698	C/1164	no	6	0	0
Comparison Press	cand-44985359da565f42	665	C/945	C/665	C/823	C/786	C/783	C/764	no	0	0	0
The Score House	cand-6d37bd2b9322c125	665	C/913	C/894	C/754	C/719	C/665	C/886	no	0	0	0
Call and Response	cand-97027a3c08732996	667	C/903	C/667	C/820	C/709	C/714	C/847	no	5	0	0
Ikasiq	cand-d3e42315802e7f6c	668	C/674	C/764	C/692	C/749	C/668	C/755	no	0	0	0
Route	cand-8a84e406c08ac959	670	C/670	C/814	C/1028	C/1233	C/1427	C/869	no	0	4	0
Cornerstone	cand-3b8a185c4acb284e	671	C/671	C/758	C/731	C/954	C/1007	C/703	no	0	3	0
Semantic Pipeline	cand-0c256fa167046a4e	672	C/825	C/672	C/967	C/986	C/1163	C/760	no	0	0	0
Spindle	cand-3daaec9e346786af	673	C/673	C/829	C/771	C/859	C/867	C/780	no	0	3	0
Final Cause	cand-ce57fdfe70b8e6ff	674	C/1117	C/1114	C/950	C/789	C/674	C/1045	yes	6	0	0
Arrowry	cand-eaf60bba1f31da93	675	C/675	C/676	C/739	C/801	C/772	C/682	yes	0	0	0
Logos Garden	cand-c47f508b80b04517	675	C/821	C/930	C/766	C/735	C/675	C/855	yes	0	0	0
Vantael	cand-8a4c49ea3fa2cb15	677	C/988	C/1040	C/746	C/892	C/677	C/833	no	5	0	0
Fallibilist	cand-0db69ffb198e9a0f	678	C/999	C/924	C/804	C/783	C/678	C/860	no	0	0	0
Offramp	cand-911968766f7389f4	678	C/678	C/728	C/698	C/695	C/715	C/701	yes	6	1	0
Defer the Proof	cand-123093812f74d6fd	679	C/1083	C/821	C/923	C/766	C/679	C/1006	no	0	0	0
Wax Tablet	cand-74894a2db63dfa7f	680	C/1062	C/1048	C/962	C/724	C/680	C/1085	no	0	0	0
Chord	cand-25735baaa5b4e4cc	681	C/681	C/870	C/810	C/937	C/1051	C/819	no	6	4	0
Mutator	cand-4704a709a38f29fc	682	C/682	C/768	C/785	C/1032	C/1209	C/706	no	6	3	0
Price Signal	cand-f312c5b3808ba441	683	C/1141	C/1109	C/965	C/826	C/683	C/973	no	0	0	0
Unsound but Useful	cand-816ca3a9452d4df9	683	C/954	C/801	C/922	C/683	C/761	C/1021	yes	6	0	0
Veyra	cand-954d457a7a9d9564	683	C/831	C/869	C/683	C/1179	C/1101	C/697	no	0	2	0
Civic Runtime	cand-39519b1bab7886c5	684	C/983	C/892	C/864	C/739	C/684	C/878	no	0	0	0
Vespara	cand-2948a08718f54950	686	C/1037	C/1061	C/852	C/889	C/686	C/863	yes	0	0	0
Avoa	cand-9b0637fa48e14a62	687	C/916	C/900	C/769	C/871	C/687	C/749	no	0	0	0
McClintock Loop	cand-8d50025afb8cdf74	690	C/855	C/926	C/745	C/729	C/690	C/938	no	0	0	0
Dial	cand-2144607a0ceef030	691	C/728	C/770	C/743	C/877	C/898	C/691	no	6	3	0
No Silent Promotion	cand-4081e5174b6a37ad	691	D/1668	C/1220	C/1192	C/899	C/691	C/1254	no	6	0	0
Manyledger	cand-5076c1412e224ec7	694	C/901	C/1049	C/825	C/818	C/694	C/859	no	0	0	0
Yordam	cand-ddacf45bde4aa13f	695	C/736	C/695	C/708	C/771	C/721	C/723	no	0	0	0
Tacet	cand-b976409ed2dedb6e	697	C/697	C/818	C/762	C/947	C/994	C/809	yes	5	1	0
Plain Program Work	cand-aaf10a1c296cb8d7	699	C/1172	C/699	C/1054	C/1086	C/1154	C/844	no	0	0	0
Lumo	cand-a827b9ca384b21f5	700	C/850	C/866	C/700	C/910	C/832	C/707	no	0	3	0
Rollo	cand-bbd334ffa6772a83	700	C/700	C/915	C/867	C/997	C/1015	C/862	no	6	3	0
Guest Key	cand-d3cde668bc3cf426	701	C/981	C/1027	C/997	C/769	C/701	C/1072	yes	0	0	0
Roundtable	cand-f5a6025b73c6ae37	701	C/732	C/760	C/741	C/701	C/728	C/721	no	6	2	0
Manaforge	cand-3a1d337beb02a117	702	C/796	C/963	C/790	C/702	C/702	C/897	no	6	0	0
Auzolan	cand-51b74b03619cf301	703	C/744	C/782	C/734	C/784	C/703	C/774	no	5	0	0
Bayes Risk	cand-55fa544190d29c2f	703	C/914	C/988	C/863	C/703	C/707	C/883	no	6	0	0
Mooring	cand-a0b1df6be0428cde	703	C/703	C/848	C/758	C/922	C/928	C/800	no	4	2	0
Neighbor Program	cand-69bd3384b6d744c1	704	C/973	C/847	C/968	C/704	C/732	C/934	no	0	0	0
Rosetta Boundary	cand-b63042a87fc075fb	704	C/861	C/735	C/704	C/722	C/736	C/740	no	0	0	0
Bracketry	cand-584a35fd552a6b04	705	C/730	C/811	C/705	C/812	C/740	C/751	yes	0	1	0
Numa	cand-148f8f184ff9c91f	705	C/705	C/912	C/777	C/974	C/953	C/818	no	0	4	0
Haptic Trace	cand-c860775d333bbcb3	706	C/1069	C/1150	C/1023	C/806	C/706	C/1097	no	0	0	0
task.ctrl	cand-c9c758a760665a53	706	C/878	C/706	C/928	C/934	C/1081	C/778	no	0	0	0
Testbed	cand-34da1049635472d1	706	C/706	C/838	C/1040	C/1091	C/1268	C/864	no	6	2	0
Noolam	cand-024c77864f39bd16	709	C/709	C/842	C/761	C/791	C/749	C/836	no	0	0	0
FeltSense	cand-8888e293cd779a62	710	C/1227	C/1324	C/1111	C/828	C/710	C/1257	yes	5	0	0
Maybe:Run	cand-6033c4654107f053	710	C/776	C/710	C/892	C/967	C/1028	C/826	no	0	0	0
Praxis	cand-d5007cc3f96992ad	710	C/775	C/800	C/827	C/1031	C/1123	C/710	no	0	3	0
Rubric	cand-49672f0ef3b3a542	710	C/710	C/856	C/948	C/957	C/1133	C/884	yes	6	3	0
Amend	cand-eaf4242791d184c6	711	C/762	C/761	C/855	C/1023	C/1099	C/711	no	0	2	0
Denial Route	cand-2a1979750c3f30b8	713	C/1086	C/1119	C/1042	C/802	C/713	C/1056	no	6	0	0
Judgement	cand-a9c9cca61f97e3d9	715	C/715	C/919	C/784	C/894	C/962	C/827	no	0	2	0
Common Measure	cand-6bb0feb1d457d625	716	C/807	C/757	C/730	C/862	C/843	C/716	no	0	0	0
Silex	cand-74ada278faf0bc4c	716	C/716	C/899	C/765	C/1051	C/1042	C/757	no	0	3	0
Take Turns	cand-b2556facd43cb688	716	C/1189	C/1070	C/1124	C/796	C/716	C/1197	yes	4	0	0
Router Choir	cand-40e9cc09e6b4b755	717	C/890	C/1095	C/958	C/765	C/717	C/1038	no	5	0	0
Supervision Topology	cand-eddf4499eab12364	718	C/718	C/921	C/1169	C/1026	C/1167	C/1068	no	0	0	0
lm://beam	cand-378aa847a5105515	719	C/719	C/845	C/889	C/1110	C/1200	C/910	no	6	0	0
Not a Magic Wand	cand-f7665c93e78e9209	719	C/1101	C/843	C/966	C/778	C/719	C/1081	yes	6	0	0
Tillage	cand-081bcdf2867e7798	719	C/734	C/898	C/719	C/770	C/725	C/845	no	0	1	0
Underdetermined	cand-739ba201292f5632	719	C/1111	C/719	C/888	C/921	C/903	C/791	no	0	0	0
Namespace.Queue	cand-0847ffacb5c6ec9e	720	C/720	C/773	C/1020	C/961	C/1103	C/738	no	0	0	0
Signature Workshop	cand-5e468159ba219df6	724	C/1018	C/724	C/1116	C/907	C/1062	C/977	no	0	0	0
Data Subject Council	cand-8e8cf0fb50a04ab5	726	C/1349	C/1261	C/1103	C/896	C/726	C/1227	no	0	0	0
Genealogy	cand-04eedb291df9f03f	726	C/895	C/935	C/726	C/844	C/759	C/775	no	0	2	0
Annales	cand-d790f11e393d4654	727	C/1074	C/879	C/805	C/936	C/781	C/727	no	0	0	0
Uncertainty Engine	cand-f80bbeb7fcc6f7dd	728	C/1048	C/731	C/830	C/927	C/948	C/728	no	0	1	0
Show the Handoff	cand-c6a2e8512c0df3c2	729	C/1245	C/776	C/1043	C/781	C/729	C/1025	no	5	0	0
Pastport	cand-a73ed287e87e8676	731	C/781	C/750	C/774	C/906	C/868	C/731	no	0	0	0
Watershed	cand-1fa5ec1566b77ed1	732	C/773	C/819	C/732	C/860	C/833	C/734	no	0	2	0
Pressure Valve	cand-03e3e32f4a353b23	735	C/869	C/972	C/995	C/741	C/735	C/1029	no	0	0	0
Telos	cand-c987adc38cb55365	735	C/735	C/867	C/778	C/994	C/1039	C/772	no	0	2	0
Ledger	cand-fe14010b4fe83303	736	C/753	C/841	C/779	C/904	C/916	C/736	no	6	4	0
Tessera	cand-2f1e83d30fff12f1	736	C/742	C/858	C/736	C/1056	C/1065	C/797	yes	0	4	0
Try, Check, Change	cand-f3ab8861a1ac4265	736	C/1110	C/736	C/984	C/913	C/959	C/942	no	0	0	0
Hostwork	cand-9fab86fcfa3fda24	737	C/838	C/940	C/900	C/757	C/737	C/909	no	0	0	0
Translate by Contract	cand-d6391a37a67fa5f2	738	C/1109	C/738	C/1105	C/1036	C/1191	C/918	no	5	0	0
Mishear	cand-273ec5dfeac4293c	739	C/739	C/873	C/858	C/861	C/914	C/916	yes	0	1	0
Effect Boundary	cand-e19f137809a2a020	742	C/841	C/820	C/792	C/756	C/742	C/822	no	6	0	0
Cognitive Load Budget	cand-53a8415a69859813	743	C/1379	C/884	C/963	C/864	C/743	C/885	no	0	0	0
Runtime Dry Port	cand-e7005bf4d7c15c85	743	C/1038	C/743	C/895	C/869	C/807	C/861	no	0	0	0
Refit	cand-3ffacc99152efde4	744	C/782	C/825	C/848	C/1049	C/1147	C/744	no	0	2	0
Caretaker	cand-3c10a04e2cc8dbf3	745	C/745	C/822	C/772	C/946	C/974	C/846	no	0	3	0
Gate	cand-c974e17b8e7321ce	746	C/746	C/997	C/1134	C/1185	C/1426	C/1014	yes	6	4	0
Standing Notice	cand-cb0fc5b0c209d9a8	746	C/1144	C/1136	C/1035	C/848	C/746	C/1052	no	0	0	0
Program With a Brake	cand-ac6321e61532df3c	748	C/1099	C/832	C/903	C/787	C/748	C/995	no	0	0	0
Rein	cand-97c30a9a74865da2	749	C/749	C/895	C/859	C/950	C/995	C/880	no	0	4	0
Say What You Mean	cand-82f227e4b0422251	750	C/1162	C/918	C/1038	C/772	C/750	C/1127	no	0	0	0
Almost Compiler	cand-0ae7e27c341a7488	751	C/1051	C/1218	C/1092	C/794	C/751	C/1242	yes	6	0	0
Nim-Nim	cand-21b8ba068169d85b	751	C/751	C/865	C/753	C/838	C/779	C/841	no	0	0	0
Publication Gate	cand-3937b82f0326ffda	751	C/978	C/751	C/933	C/808	C/837	C/795	no	0	0	0
Say Less	cand-74ced5389f040694	751	C/950	C/1001	C/1050	C/751	C/776	C/1152	yes	6	0	0
Backchannel	cand-8f64981d03980753	752	C/884	C/1028	C/836	C/810	C/752	C/988	no	0	1	0
Notebook Runtime	cand-63ba942cd753a071	753	C/955	C/753	C/998	C/852	C/951	C/832	no	0	0	0
Blind Review	cand-a70860a965a56171	754	C/1125	C/931	C/1030	C/816	C/754	C/965	no	0	0	0
Interpretation	cand-6e0534af16e1fe99	754	C/937	C/754	C/906	C/1130	C/1219	C/759	no	0	1	0
Relay	cand-682fbae20f3428bc	754	C/754	C/993	C/920	C/1177	C/1285	C/890	yes	0	4	0
Creditflow	cand-e9dbad22ff53927e	755	C/811	C/916	C/842	C/775	C/755	C/839	no	0	0	0
Trim	cand-657c97bf2df3f6e2	758	C/758	C/891	C/821	C/985	C/1069	C/776	no	0	3	0
Denotation	cand-70712074919f724b	760	C/784	C/861	C/760	C/885	C/921	C/784	no	5	1	0
Draft Metric	cand-8f5e820f457ff1e0	761	C/931	C/791	C/970	C/761	C/803	C/838	no	0	0	0
PALM	cand-f5afa2b3773eb81b	761	C/761	C/1054	C/929	C/1016	C/1077	C/959	no	6	3	0
Colophon	cand-4f821a5bab612586	763	C/961	C/874	C/862	C/1109	C/1096	C/763	no	0	3	0
Tempo	cand-8d6546721a1d106c	763	C/763	C/937	C/990	C/1059	C/1192	C/936	no	6	4	0
Timecommons	cand-35597dcbe14592c4	764	C/1007	C/965	C/877	C/908	C/764	C/870	no	0	0	0
Nodal After	cand-9a056f180542310b	765	C/1080	C/959	C/898	C/926	C/765	C/904	no	0	0	0
Janus Gate	cand-1754e0d84a754f8f	766	C/998	C/1172	C/913	C/850	C/766	C/1060	no	0	0	0
Semantica	cand-1875d4b199de7470	766	C/766	C/902	C/794	C/982	C/1067	C/837	no	0	2	0
Unchoose	cand-10a17ba71d75f439	767	C/847	C/852	C/884	C/807	C/767	C/873	yes	0	0	0
Moru	cand-95b83e7dd01aee36	768	C/920	C/1007	C/768	C/1040	C/872	C/779	no	0	2	0
Workrite	cand-71cb91dd25f887d4	768	C/826	C/991	C/851	C/833	C/768	C/895	no	0	0	0
AVER	cand-e533b0d6c52cd870	769	C/769	C/1050	C/917	C/1169	C/1258	C/963	no	0	3	0
Ensemble	cand-901bf84e75c67b2b	770	C/843	C/771	C/807	C/972	C/1024	C/770	no	5	4	0
Optimize Nothing	cand-8258187386aa878e	770	C/1341	C/1202	C/1168	C/902	C/770	C/1287	no	6	0	0
Pantry	cand-c244bfeada914d36	770	C/770	C/947	C/874	C/887	C/919	C/912	no	5	3	0
Dead Letter	cand-01a334367330afc6	771	C/771	C/1016	C/983	C/865	C/918	C/1002	yes	6	1	0
Quire	cand-614957baf804ef8a	773	C/860	C/872	C/773	C/1138	C/1174	C/793	no	5	3	0
Artifact Optimization Library	cand-0f4c15e856cd9f1b	774	C/1358	C/774	C/1165	C/1295	C/1341	C/943	no	6	0	0
Reprise	cand-f4723fe26a9c8ad2	775	C/844	C/883	C/775	C/1024	C/1009	C/816	no	0	3	0
Solon	cand-ada27f52bf3030f4	776	C/859	C/909	C/776	C/923	C/904	C/802	no	0	1	0
Merton Lab	cand-76fd512769032869	777	C/1067	C/1103	C/927	C/855	C/777	C/1037	no	0	0	0
Work Window	cand-97c981899abeff52	778	C/778	C/893	C/1025	C/915	C/970	C/932	no	0	0	0
Copyedit	cand-35235ef32d695a80	779	C/779	C/851	C/1006	C/924	C/1072	C/871	no	0	1	0
Flowcontrol	cand-dd6097d0b8ad10cb	780	C/780	C/1068	C/1222	C/1273	C/1395	C/1084	no	0	2	0
Dovetail	cand-2925aaa8ddd0d17c	782	C/848	C/805	C/782	C/942	C/992	C/881	no	6	4	0
Euno	cand-ae4c9a38510140fd	783	C/976	C/936	C/783	C/1129	C/1018	C/787	no	0	1	0
Testground	cand-704953a8b5368b43	783	C/802	C/783	C/971	C/1055	C/1224	C/820	no	0	1	0
Let Policies Compete	cand-f30241b27a772095	784	C/1368	C/980	C/1061	C/901	C/784	C/1138	no	6	0	0
Holdout	cand-d179b28cc8927b72	785	C/785	C/943	C/989	C/981	C/1137	C/902	no	0	2	0
The Modest Machine	cand-3e7610ff6409f48c	785	C/1050	C/1043	C/1071	C/817	C/785	C/1147	no	0	0	0
Commons Care	cand-a8366424073c027c	786	C/1271	C/1256	C/1150	C/895	C/786	C/1226	no	4	0	0
Manuscript	cand-8f10a68d54a88afc	786	C/813	C/831	C/802	C/858	C/893	C/786	no	6	3	0
Compoem	cand-1cfa539367f467df	788	C/868	C/955	C/885	C/853	C/788	C/865	no	0	0	0
Gain	cand-66dd231befc8120d	789	C/789	C/944	C/945	C/1030	C/1135	C/892	no	0	3	0
Lambda Lemonade	cand-7f12a073283e2aab	789	C/1124	C/1379	C/1204	C/832	C/789	C/1365	yes	6	0	0
Ragbook	cand-95ad83e401a49111	791	C/791	C/897	C/981	C/800	C/874	C/925	yes	0	0	0
Infrastructure for Measured Programs	cand-91be97b21fe63761	792	C/1383	C/792	C/1279	C/1452	D/1521	C/997	yes	0	0	0
Check and Change	cand-a1bf6c997413496f	795	C/1029	C/795	C/1128	C/1003	C/1091	C/1067	no	0	0	0
Spall	cand-0cdb12ba1b9b7250	795	C/795	C/1002	C/886	C/1127	C/1150	C/937	no	0	2	0
Zerroth	cand-9638ea26ccd5395a	795	C/979	C/1102	C/881	C/930	C/795	C/961	yes	0	0	0
Evaluate	cand-10aca1d8b724381a	796	C/982	C/796	C/1184	C/1307	D/1525	C/917	no	6	2	0
Buildup	cand-05240902edf8ca74	797	C/797	C/849	C/846	C/879	C/917	C/828	no	0	2	0
The Teaching Library	cand-715e1a0a391fd77b	797	C/1073	C/797	C/1084	C/872	C/1005	C/981	no	0	0	0
Crucible	cand-340d6bb972c2bc1e	798	C/837	C/844	C/798	C/1025	C/1080	C/875	no	0	4	0
Brigid Workshop	cand-d12b2e470ff61618	799	C/889	C/839	C/845	C/839	C/799	C/905	no	0	0	0
Prompt-ish	cand-30b1979c6b73d5a2	799	C/846	C/823	C/1014	C/799	C/968	C/1018	no	5	0	0
Unlearn	cand-4cdc048e5bcae936	799	C/799	C/962	C/837	C/851	C/830	C/903	yes	0	1	0
Tap Tap	cand-da358edc1448858b	800	C/1079	C/1317	C/1141	C/911	C/800	C/1256	no	6	0	0
Route, Translate, Recover	cand-f54d817749934878	802	C/1278	C/802	C/1002	C/1029	C/991	C/953	no	0	0	0
Budget	cand-0af96a8ed622a394	803	C/803	C/1012	C/993	C/1084	C/1177	C/954	no	0	3	0
Result Vault	cand-fd0009bb9d846a78	804	C/1019	C/1080	C/975	C/856	C/804	C/947	no	0	0	0
PAVE	cand-44e7d4d9cee9156a	805	C/805	C/1066	C/953	C/1019	C/1116	C/1050	no	0	3	0
Phronesis	cand-ee82617f51aa011f	805	C/1021	C/904	C/849	C/1246	C/1193	C/805	no	0	2	0
Good Enough Program	cand-9c0eea2eb0cdfd4d	806	C/1011	C/806	C/1046	C/881	C/979	C/1039	no	0	0	0
Gradient Free	cand-245cc159b43997c1	807	C/974	C/807	C/1045	C/916	C/1043	C/825	yes	0	0	0
Alternate Path	cand-3179ccdbd7915a42	808	C/862	C/808	C/896	C/875	C/933	C/834	no	0	0	0
LINC	cand-4c50d1ff845ad29f	808	C/849	C/966	C/808	C/1045	C/1054	C/831	no	0	2	0
Stochastic	cand-04cd87fad96e800b	808	C/911	C/813	C/1065	C/1261	C/1411	C/808	no	0	3	0
Invocation	cand-40493fe6739aee80	809	C/809	C/1074	C/1063	C/1160	C/1311	C/1049	no	0	1	0
Age in Public	cand-cf6efe6cc274bf12	810	D/1493	C/1279	C/1203	C/1041	C/810	C/1323	no	4	0	0
Keiroku	cand-7db5ee948e44b4bb	810	C/810	C/978	C/899	C/953	C/892	C/931	yes	0	0	0
LM.Namespace	cand-ce3b5df27375eb12	812	C/1046	C/812	C/1187	D/1503	D/1643	C/879	no	0	0	0
Uqra	cand-940a2589b805d8e3	812	C/1100	C/969	C/833	C/1103	C/905	C/812	no	6	0	0
Ariadne	cand-af7d6d421fd572ef	813	C/832	C/881	C/813	C/1141	C/1212	C/853	yes	6	3	0
Type and Tell	cand-889740115b64bc58	813	C/1076	C/970	C/1110	C/829	C/813	C/1140	no	0	0	0
Bracket Parade	cand-e712f04b132ef1ba	814	C/1158	C/1231	C/1176	C/925	C/814	C/1211	yes	0	0	0
ORUM	cand-21214150ad919957	814	C/824	C/908	C/843	C/1060	C/1052	C/814	no	0	1	0
Daedalus	cand-6afe40611ff94485	815	C/815	C/1031	C/878	C/1018	C/1068	C/956	no	0	2	0
Kovra	cand-12dfc82b8186fd22	815	C/908	C/953	C/815	C/1131	C/1010	C/824	no	0	2	0
Program Telemetry	cand-340167182c4b85bc	815	C/972	C/815	C/1202	C/1008	C/1189	C/939	no	6	0	0
The Measure Stick	cand-46da13001e708b48	816	C/1184	C/987	C/1082	C/843	C/816	C/1110	yes	0	0	0
Translate with Loss	cand-654f5841a4dbe63c	816	C/1118	C/816	C/937	C/882	C/839	C/946	no	0	0	0
Mise en Place	cand-3e3c4eae9eccba72	817	C/1000	C/958	C/817	C/1163	C/1138	C/899	no	0	1	0
Rebalance	cand-87faf34a671f7b94	819	C/819	C/880	C/994	C/1128	C/1234	C/913	no	0	3	0
Uncertify	cand-8cc35eb54e957231	820	C/1060	C/960	C/930	C/912	C/820	C/974	no	0	0	0
Loom	cand-784a2ddf5d4d61b6	822	C/822	C/977	C/882	C/1097	C/1159	C/894	no	0	4	0
Program Compiler	cand-263bf9e039b724f2	823	C/828	C/996	C/853	C/823	C/861	C/856	yes	0	0	0
Stopology	cand-ed6465da44587227	823	C/870	C/1097	C/1007	C/840	C/823	C/1080	yes	0	0	0
Mendship	cand-a52072ee5c1fcfd3	824	C/944	C/1019	C/1015	C/888	C/824	C/1054	no	0	0	0
Baffle	cand-6a339259edf4e175	829	C/829	C/979	C/904	C/952	C/950	C/922	no	0	2	0
Control Warehouse	cand-611620fd655785b4	829	C/1084	C/1030	C/1013	C/854	C/829	C/944	no	0	0	0
Abstract Machine	cand-94513e0252ce2924	830	C/959	C/946	C/935	C/978	C/1071	C/830	no	5	0	0
Keep	cand-6ca7ea2feefc88ec	830	C/830	C/973	C/952	C/1098	C/1164	C/960	no	0	4	0
Call.Graph	cand-ad3e51ad04564d46	834	C/834	C/1000	C/1003	C/1028	C/1124	C/966	no	0	1	0
Measure, Then Withhold	cand-3496baf3df5560e9	834	C/1425	C/1104	C/1174	C/992	C/834	C/1289	no	0	0	0
Layaqa	cand-c66da63fa794f73e	836	C/1054	C/1071	C/936	C/965	C/836	C/1024	no	0	0	0
Redress Union	cand-b0d82f1eff07ef92	838	C/1187	C/1148	C/1031	C/975	C/838	C/1115	no	0	0	0
Forecast Window	cand-9ee04bb3ab04447a	840	C/1112	C/1083	C/1120	C/886	C/840	C/1076	no	0	0	0
SIG::RUN	cand-fe3d3c1988bf41e8	840	C/947	C/840	C/1164	C/1203	C/1378	C/1078	no	0	0	0
Catalogue of Small Failures	cand-ba228086169d1389	842	D/1454	C/1149	C/1180	C/993	C/842	C/1327	no	0	0	0
Error in Words	cand-45c185f72cf1ed03	844	C/1272	C/1096	C/1178	C/898	C/844	C/1195	yes	0	0	0
Ecor	cand-6efd6f1f52dd7d6d	845	C/845	C/956	C/876	C/988	C/936	C/876	no	0	1	0
Let It Try	cand-00524cddd412052b	845	C/1179	C/1182	C/1207	C/893	C/845	C/1351	no	5	0	0
Load-Bearing Meaning	cand-154b958c66a59a2b	846	C/1156	C/846	C/977	C/909	C/853	C/972	yes	0	0	0
Rehome	cand-a2689c0b7e04ecb8	846	C/1042	C/1156	C/986	C/935	C/846	C/1062	no	0	2	0
The Call Box	cand-f9da5858f192d2f5	847	C/989	C/957	C/1081	C/847	C/877	C/1151	no	0	0	0
Contractlet	cand-deec7342928a4306	848	C/980	C/961	C/918	C/900	C/922	C/848	no	0	0	0
Mingluo	cand-8f4458351ac70aba	848	C/1061	C/1084	C/907	C/939	C/848	C/989	yes	6	0	0
Talivo	cand-27aecefe576e1b7e	849	C/1218	C/1105	C/964	C/1044	C/849	C/949	no	0	0	0
Xorani	cand-feeb141d3c72498a	850	C/992	C/950	C/887	C/1012	C/862	C/850	no	0	0	0
Handoffable	cand-aaaca2f35f3eda0f	851	C/1022	C/906	C/961	C/903	C/851	C/919	no	0	0	0
Shura	cand-f5ef7120293a5ec2	851	C/851	C/1073	C/939	C/1043	C/1036	C/1059	no	0	2	0
Loopback	cand-64edaa3fb9310e98	852	C/879	C/875	C/938	C/1050	C/1157	C/852	no	0	2	0
Avera	cand-509dc1fc67a0fb18	854	C/856	C/1005	C/854	C/1202	C/1168	C/888	no	0	2	0
Fail Within Bounds	cand-581552edfae681c6	854	C/1040	C/860	C/1011	C/917	C/854	C/1041	no	0	0	0
Co-Labor	cand-4505ee23d9f6a2e8	855	C/1009	C/871	C/921	C/929	C/855	C/901	no	0	0	0
Mundane Rite	cand-f22f6ad587a7b6e1	856	C/1166	C/1174	C/1080	C/970	C/856	C/1187	no	0	0	0
Name the Reviewer	cand-abbfd9715f052f18	858	C/1414	C/1112	C/1197	C/1000	C/858	C/1264	no	0	0	0
Runstead	cand-c173c154fcd926a2	858	C/858	C/1025	C/868	C/880	C/864	C/951	no	0	1	0
Scope Is a Verb	cand-e42b5944d8b1ef39	859	C/1217	C/1022	C/1078	C/949	C/859	C/1237	no	6	0	0
The Program, Not the Promise	cand-ed0c22f163704b8d	860	C/1402	C/1004	C/1171	C/940	C/860	C/1219	yes	0	0	0
Mended Prompt	cand-59e93ad8513140d9	863	C/1020	C/1038	C/1314	C/863	C/1040	C/1252	yes	5	0	0
Toyun	cand-79f93173c10dd017	863	C/863	C/1041	C/946	C/979	C/965	C/986	yes	0	0	0
Ex<>LM	cand-46cac5bd1e24832c	864	C/864	C/938	C/1146	C/1251	C/1384	C/1122	no	0	0	0
Boundable	cand-a4624e6daac68e87	866	C/866	C/1053	C/1034	C/976	C/984	C/1013	no	0	0	0
prog.ctrl	cand-17eee82816e6fb16	866	C/938	C/868	C/999	C/1250	C/1338	C/866	no	0	0	0
Show Your Work	cand-d0b8257d9df24878	866	C/1173	C/1023	C/1095	C/866	C/887	C/1189	no	0	0	0
Loop Dispatcher	cand-252628ef9f40f3a8	867	C/899	C/933	C/1017	C/867	C/908	C/896	no	0	0	0
Ask Before Adapting	cand-b5c97f5f21988a6f	870	D/1649	C/1336	C/1298	C/1102	C/870	C/1380	no	5	0	0
Hum	cand-04fb78ddc42ed5b7	873	C/873	C/1190	C/1221	C/1195	C/1261	C/1201	no	0	3	0
Invasive Optimizer	cand-99d1c2e4e7ee2cf0	873	C/1127	C/1272	C/1114	C/873	C/876	C/1215	yes	6	0	0
Handovia	cand-cf6494b1cc79a97d	874	C/984	C/982	C/910	C/1004	C/935	C/874	yes	0	0	0
Titrate	cand-1e3ea6993679d502	874	C/874	C/903	C/916	C/1182	C/1263	C/915	no	0	3	0
Apprentice	cand-042b8f64044ee799	875	C/875	C/1076	C/1026	C/1038	C/1114	C/1030	no	5	2	0
Assay	cand-9b2153df65c7cba8	876	C/877	C/876	C/905	C/1083	C/1206	C/952	no	0	4	0
Namespace Chassis	cand-cd6bfb8abe4a1b79	877	C/963	C/942	C/894	C/989	C/955	C/877	yes	0	0	0
Trace the Route	cand-1dbc61c1671caa41	877	C/1105	C/877	C/1069	C/1034	C/1085	C/998	no	0	0	0
Beam.Param/2	cand-70b2dedc5487313f	878	C/907	C/878	C/1086	C/1183	C/1295	C/1053	no	6	0	0
Artifact Exchange	cand-eca6011a4db9fda7	881	C/1225	C/1217	C/1044	C/959	C/881	C/1010	yes	0	0	0
Ruleset	cand-99c030754b692614	881	C/881	C/920	C/1073	C/1190	C/1342	C/907	yes	6	3	0
Careful Play	cand-c9696c07c73d8177	882	C/1216	C/1168	C/1167	C/969	C/882	C/1156	no	0	0	0
VET	cand-5f9276129b845b99	883	C/883	C/1140	C/1137	C/1222	C/1355	C/1121	no	6	3	0
Parseability	cand-5898b1436fde4ce0	884	C/1246	C/1039	C/1008	C/1022	C/884	C/971	no	0	0	0
Operational Program Architecture	cand-1980766479ea96a4	885	D/1498	C/885	C/1267	C/1468	D/1471	C/1004	no	5	0	0
Many Door Room	cand-d362c905efc05def	886	D/1485	C/1316	C/1188	C/1116	C/886	C/1363	no	0	0	0
RAVEL	cand-ef6ef65be57b8091	888	C/888	C/1116	C/942	C/1219	C/1229	C/1005	no	0	4	0
Set the Terms	cand-5a14ee34c3b7b3e7	888	C/1276	C/1079	C/1112	C/968	C/888	C/1185	no	0	0	0
Auditeration	cand-a6fff7490a6162b8	890	C/977	C/1018	C/890	C/933	C/901	C/957	no	0	0	0
Credit the Makers	cand-f5bbf7017a2a7b9b	890	D/1677	D/1471	C/1349	C/1156	C/890	D/1475	no	0	0	0
Hanmae	cand-3ec5e109bbd7c3a9	891	C/930	C/1029	C/891	C/1064	C/975	C/968	no	0	0	0
TRACE	cand-eafe895eb8119e6e	892	C/892	C/1036	C/974	C/1209	C/1299	C/1001	yes	0	2	0
Dabarun	cand-f57e2744aa1c5793	894	C/894	C/913	C/925	C/1046	C/1031	C/945	no	0	0	0
Programs as Scores	cand-da3f27f6a13aad71	895	C/1328	C/1009	C/1060	C/971	C/895	C/1143	no	0	0	0
Name the Control	cand-8b2d659ae4cd4697	896	C/1260	C/983	C/1138	C/945	C/896	C/1154	no	0	0	0
Schemapping	cand-f23a21e7b6a4dc5c	897	C/897	C/901	C/1029	C/1042	C/1132	C/962	no	0	0	0
Thaum	cand-7329b38ee0fd4a4a	897	C/1027	C/1161	C/897	C/1010	C/910	C/1000	no	0	0	0
Greenhouse	cand-f300f10844ecfc75	898	C/898	C/968	C/911	C/962	C/1025	C/930	no	0	4	0
Siglet	cand-bc9bc3352bd1321c	899	C/1055	C/1245	C/1131	C/956	C/899	C/1100	no	0	0	0
Handshake	cand-dfff30d188055f20	900	C/900	C/1143	C/1130	C/1161	C/1282	C/1145	no	0	3	0
Governor	cand-b3f6a67e041389bb	902	C/902	C/1152	C/1027	C/1198	C/1313	C/1027	no	0	3	0
Reeve	cand-452139ff8f957304	902	C/919	C/1042	C/902	C/1087	C/1083	C/933	no	0	3	0
Cadence	cand-4f6b9e1c24d93d9a	904	C/904	C/1091	C/954	C/1105	C/1088	C/969	yes	5	2	0
Gradgrind Runtime	cand-518448d7dcda2b9c	906	C/1097	C/1122	C/979	C/941	C/906	C/1111	no	0	0	0
Telemetry Root	cand-a431c462ac8afa1c	906	C/923	C/927	C/1102	C/1176	C/1274	C/906	no	0	0	0
Careloop	cand-301e9fe37a96c8dc	907	C/1004	C/1169	C/1090	C/943	C/907	C/1104	yes	0	0	0
Maintainers' Table	cand-2b7e4a2a7d8dac31	907	C/1241	C/907	C/1059	C/1005	C/938	C/1073	yes	0	0	0
Evidence Edition	cand-91f3a483a83f094e	908	C/1136	C/945	C/982	C/958	C/930	C/908	no	0	0	0
Moduleaf	cand-f86789f8c75a7f36	910	C/918	C/910	C/1062	C/980	C/1029	C/911	no	0	0	0
The Model Parliament	cand-50b680be8423e11e	911	D/1466	C/1427	C/1252	C/1027	C/911	D/1462	yes	0	0	0
Workshop Findings	cand-0d04b0cb0c723fb8	911	C/1374	C/911	C/1157	C/1124	C/1093	C/1040	no	0	0	0
Arivu	cand-d52a454bbc0bc8f4	912	C/912	C/1017	C/943	C/1079	C/1063	C/979	no	0	2	0
Sankofa	cand-6a93f7a8baa0fa56	912	C/1023	C/1197	C/1018	C/983	C/912	C/1157	yes	0	0	0
The Example Book	cand-cce11e9d2f31fb37	914	C/1192	C/1069	C/1193	C/914	C/941	C/1250	no	0	0	0
Savor	cand-053b1995c59a7ff8	917	C/917	C/1111	C/940	C/960	C/920	C/967	no	5	1	0
Siltaq	cand-6eb0bda9834bba9b	919	C/1015	C/994	C/919	C/1054	C/986	C/935	no	0	0	0
Commonthen	cand-2565dc9a07e5dc0a	921	C/1131	C/1006	C/985	C/1106	C/1008	C/921	no	0	0	0
halt.tap	cand-af8b6a47c985b0eb	922	C/922	C/975	C/1113	C/1117	C/1201	C/1031	no	0	0	0
Harbor of Programs	cand-bd2036b8d158397c	923	C/1351	C/923	C/1136	C/1001	C/947	C/1016	yes	0	0	0
Meridian	cand-b6c4ac412ac88223	923	C/994	C/1123	C/947	C/1244	C/1228	C/923	no	0	4	0
Attune	cand-2d769791545d2b49	924	C/942	C/1130	C/924	C/1048	C/1044	C/1066	no	5	3	0
Loop.Yard	cand-9a271eaeb5d8e5a9	924	C/1175	C/989	C/1001	C/998	C/924	C/1046	yes	0	0	0
Skein	cand-2f2742392c67f60c	925	C/925	C/1064	C/1051	C/1247	C/1302	C/1028	no	0	3	0
Kairon	cand-a465f4804308d6d4	926	C/943	C/1085	C/926	C/1274	C/1257	C/948	no	0	2	0
Laborium	cand-e38fc2512b838048	927	C/1043	C/1067	C/969	C/1007	C/927	C/958	no	0	0	0
Refusalware	cand-8d0e7dc0105b9dd8	927	C/927	C/992	C/972	C/928	C/978	C/928	no	0	0	0
The Review	cand-c697454bd1447077	928	C/1126	C/928	C/1064	C/1063	C/1013	C/929	no	0	0	0
Ward	cand-96b8f576c788b75e	928	C/928	C/1128	C/1067	C/1230	C/1262	C/1118	no	0	4	0
Jelajah	cand-d88ac02db678cc51	929	C/1211	C/1153	C/1057	C/1053	C/929	C/1099	no	5	0	0
Practice	cand-ada750e3f8464e9e	929	C/929	C/1003	C/1041	C/1157	C/1220	C/982	no	0	3	0
Tuning	cand-c72dee7fe8e800e2	929	C/940	C/929	C/1139	C/1205	C/1353	C/984	no	0	2	0
Scriptile	cand-d8386b403b6a39e5	931	C/1113	C/1229	C/1185	C/932	C/931	C/1170	no	0	0	0
Qanta	cand-d16fafe269f23a89	932	C/1119	C/1181	C/932	C/1229	C/1104	C/964	yes	0	1	0
SEMANTICS@RUNTIME	cand-c48824d0da2daee8	932	C/987	C/932	C/1047	C/1119	C/1158	C/1033	no	0	0	0
Shutter	cand-9db3a25b009c1e43	933	C/933	C/1235	C/1125	C/1146	C/1175	C/1169	no	0	3	0
Forbear	cand-58840375d5866bd4	934	C/962	C/1014	C/959	C/996	C/934	C/941	no	0	0	0
T-Loop	cand-0ccb362a01dba41a	934	C/934	C/999	C/1156	C/1147	C/1208	C/1103	no	0	0	0
Cuida	cand-ad19f12aa987c602	936	C/936	C/1125	C/1122	C/987	C/1011	C/1117	no	0	0	0
Freightless Routing	cand-b6c36e2d9cd9e8b6	937	C/1290	C/1011	C/1052	C/1006	C/937	C/991	no	0	0	0
House Rules	cand-23a3888fa6c326ed	938	C/1017	C/1056	C/1118	C/938	C/976	C/1130	no	0	0	0
Publish With Context	cand-a48f02fecabcd83b	939	C/1385	C/939	C/1248	C/1142	C/1151	C/1114	no	0	0	0
Conscience Clause	cand-9573f6e70855e3aa	940	C/1408	C/1411	C/1286	C/1047	C/940	C/1412	no	6	0	0
Patchwork	cand-3af082fc9b78b977	941	C/956	C/1024	C/941	C/1133	C/1180	C/1008	no	0	4	0
Sem	cand-e604f8c97caaadb4	941	C/941	C/1124	C/1088	C/1398	D/1488	C/993	no	0	3	0
Disclose Less	cand-c068e116c54e140d	942	C/1191	C/1126	C/1215	C/951	C/942	C/1253	no	0	0	0
Pause	cand-6210c0bf05396716	946	C/946	C/1047	C/1089	C/1115	C/1161	C/1034	no	0	3	0
Better Questions	cand-79e02e9f34cb251d	948	C/1064	C/954	C/1158	C/948	C/1037	C/1048	no	0	0	0
Maps and Contracts for LM Programs	cand-64e4d9116f193eee	948	D/1556	C/948	C/1366	D/1505	D/1565	C/1177	no	0	0	0
SOLA	cand-7a40ec88bab02c87	948	C/948	C/1046	C/1012	C/1316	C/1366	C/970	no	0	3	0
Folio	cand-4631f244ad449527	949	C/1075	C/1010	C/949	C/1121	C/1097	C/980	no	0	4	0
Plans, Paths, and Programs	cand-904f8bf32dc695ec	949	D/1523	C/949	C/1213	C/1212	C/1186	C/1113	no	0	0	0
Lay Out	cand-1dc5ae5b68174891	951	C/968	C/951	C/1133	C/1136	C/1213	C/1019	no	0	0	0
Mizanu	cand-30eaf9a91689ec3c	951	C/951	C/1120	C/1010	C/1068	C/1060	C/1108	no	0	0	0
Credential Boundary	cand-7eae6fc7f4795dce	952	C/1130	C/952	C/1096	C/995	C/1050	C/985	no	0	0	0
LMX	cand-4692a3334b44199f	952	C/952	C/1055	C/1272	C/1475	D/1589	C/1074	no	0	1	0
Veykatu	cand-bd01ef01ed942b1e	952	C/1275	C/1159	C/987	C/1153	C/952	C/1009	yes	5	0	0
Promptbook	cand-d0c8cc8e09630561	953	C/953	C/990	C/1074	C/1101	C/1227	C/976	no	0	2	0
Feedbackle	cand-d3f7bf34c3d7e326	955	C/965	C/974	C/996	C/955	C/967	C/1032	no	0	0	0
Convene	cand-1b12837c5c23ec8e	957	C/957	C/1034	C/1019	C/1061	C/1086	C/1022	no	0	2	0
Brief	cand-29a8825bd242f143	958	C/958	C/1200	C/1262	C/1207	C/1333	C/1186	no	0	3	0
Stop Before Promotion	cand-b9fa1222a92ab10a	958	D/1597	C/1165	C/1274	C/1077	C/958	C/1296	no	0	0	0
Open Gate	cand-6c15ec78513a7531	960	C/1077	C/1147	C/1032	C/990	C/960	C/1077	yes	0	0	0
Resonance	cand-2972f9afb85ba78f	960	C/960	C/1173	C/973	C/1058	C/1019	C/1035	no	0	2	0
Meisner	cand-a4533fdfcf363fd8	963	C/1093	C/1115	C/1072	C/1009	C/963	C/1088	no	0	0	0
Optimization Can Lose	cand-63b6092917b43f96	964	D/1527	C/964	C/1198	C/1118	C/1034	C/1222	no	6	0	0
Restore	cand-f329e3a317eee6a8	964	C/964	C/1183	C/1022	C/1123	C/1125	C/1105	no	0	2	0
Talk to the Checker	cand-ed92f25823892286	964	C/1400	C/1221	C/1308	C/991	C/964	C/1396	no	0	0	0
Cohort	cand-16accdf4ccc09faa	966	C/966	C/1077	C/1091	C/1140	C/1188	C/994	no	0	2	0
Make No Promise	cand-59201c64264ddaff	966	C/1375	C/1266	C/1300	C/1017	C/966	C/1387	yes	0	0	0
Probe	cand-ba9c736f19e7f60b	967	C/967	C/1099	C/1154	C/1318	D/1469	C/1017	no	0	4	0
Cura	cand-b8b6bf33efcb9144	969	C/969	C/1226	C/1094	C/1320	C/1356	C/1174	yes	0	3	0
Resource Front	cand-d409add193652a2a	969	C/1201	C/1243	C/1148	C/1020	C/969	C/1190	no	0	0	0
Conduit	cand-41a01f9945b8b394	971	C/971	C/1037	C/1177	C/1279	C/1389	C/1128	no	0	4	0
Rehearse the Boundary	cand-9820a2b8884211a4	971	C/1398	C/1303	C/1311	C/1015	C/971	D/1458	no	4	0	0
Provenance Garden	cand-2c422ef506fff3b6	972	C/1262	C/1015	C/1036	C/1039	C/972	C/1051	no	0	0	0
Broadcast Gate	cand-94ba83307480fa7f	973	C/1142	C/1154	C/1194	C/973	C/981	C/1148	no	0	0	0
Hold the Schema Open	cand-3030fe328bf52f57	973	D/1564	C/1195	C/1183	C/1148	C/973	C/1266	no	0	0	0
Supervise	cand-afd63cca4f004105	975	C/975	C/1311	C/1444	C/1442	D/1561	C/1414	no	6	3	0
Symbiont	cand-943ba292100b55c3	976	C/1025	C/1146	C/976	C/1287	C/1300	C/1063	no	0	3	0
Instrumental	cand-32528ed2244f2862	978	C/1247	C/1106	C/1066	C/1242	C/1249	C/978	no	0	3	0
Transmute	cand-af0e6100f2188c2c	980	C/1005	C/1203	C/980	C/1180	C/1244	C/1096	no	0	4	0
Let the Score Fail	cand-4b7286d78a548ec4	982	D/1492	C/1386	C/1359	C/1088	C/982	D/1558	no	0	0	0
Palpable	cand-b2f2d5856f19c123	985	C/1143	C/1187	C/1101	C/1062	C/985	C/1196	no	0	1	0
Passage	cand-0886b051075687c1	985	C/985	C/1013	C/1005	C/1186	C/1251	C/1044	no	0	4	0
Task.Router	cand-411beb3bc8e7a79b	986	C/986	C/1257	C/1345	C/1324	C/1391	C/1203	no	0	0	0
Bacon Stage	cand-7c0b252a6527a19d	987	C/1182	C/1375	C/1245	C/1013	C/987	C/1324	no	0	0	0
Entr'acte	cand-db60d3354a084d7c	989	C/1293	C/1089	C/1117	C/1094	C/989	C/1158	no	6	0	0
Ledger of Play	cand-b08d4201fa00c4fa	990	C/1347	C/1186	C/1172	C/1074	C/990	C/1285	no	0	0	0
Frame	cand-9dff50df08c63581	991	C/991	C/1113	C/1152	C/1278	C/1418	C/1090	no	0	3	0
Limitron	cand-56e8b53f248d1a80	992	C/1030	C/1065	C/1058	C/1113	C/1134	C/992	no	0	1	0
Mind the Boundary	cand-442d028d7f517d25	993	C/1428	C/1185	C/1244	C/1072	C/993	C/1320	no	0	0	0
Stagehand	cand-725b707a076952fe	993	C/993	C/1233	C/1278	C/1359	D/1497	C/1251	no	0	4	0
Criterion	cand-5f435b82e7e9e75e	995	C/1238	C/995	C/1161	C/1336	C/1445	C/1086	no	0	4	0
Value Share	cand-1865c240c5d2a98a	996	D/1513	D/1544	C/1406	C/1149	C/996	D/1464	no	0	0	0
Yield	cand-8bbcba42d48dcffe	996	C/996	C/1008	C/1048	C/1139	C/1127	C/1055	no	0	1	0
Ergon	cand-89e993df559c87f1	997	C/997	C/1098	C/1225	D/1521	D/1603	C/1079	no	0	3	0
Leave Enough Behind	cand-3968100975c76890	999	D/1610	C/1357	C/1465	C/1137	C/999	D/1555	no	5	0	0
The Small Contract	cand-eb59d8e657532229	999	C/1181	C/1058	C/1227	C/999	C/1074	C/1210	no	0	0	0
Therapeia	cand-f249282b380aa833	1000	C/1090	C/1192	C/1049	C/1082	C/1000	C/1142	no	0	0	0
Babel Commons	cand-336e00dfa9f8414d	1001	C/1353	C/1263	C/1104	C/1114	C/1001	C/1205	yes	0	0	0
Score	cand-a575b79868a2336d	1001	C/1001	C/1209	C/1316	C/1361	D/1526	C/1200	no	6	3	0
Hushline	cand-c60360bc3dd6ad32	1002	C/1002	C/1127	C/1009	C/1232	C/1265	C/1069	no	0	3	0
Soup.Arrow	cand-8c48cd91da0200a6	1002	C/1035	C/1184	C/1160	C/1078	C/1002	C/1271	yes	5	0	0
Scenechange	cand-c0ebff19ad9b235c	1003	C/1003	C/1090	C/1099	C/1252	C/1305	C/1075	no	0	1	0
Soriwa	cand-b8addf2e2c338dfa	1003	C/1044	C/1144	C/1055	C/1071	C/1003	C/1136	yes	0	0	0
Optimization May Regress	cand-559a9e286bea71aa	1004	D/1570	C/1060	C/1303	C/1092	C/1004	C/1231	no	6	0	0
Audivor	cand-a7382d207b16dc4b	1006	C/1159	C/1241	C/1155	C/1093	C/1006	C/1160	no	0	0	0
lm://program	cand-8f7661f0e368fbde	1007	C/1325	C/1075	C/1024	C/1367	C/1332	C/1007	no	0	0	0
Steer	cand-57fce44d7c6df51a	1008	C/1008	C/1100	C/1127	C/1310	C/1433	C/1057	no	0	3	0
Cue	cand-14da5d70daaa665e	1010	C/1010	C/1227	C/1328	C/1317	C/1423	C/1277	no	0	3	0
Blueprint	cand-b1ece0f3fb4f7be0	1011	C/1033	C/1051	C/1123	C/1241	C/1357	C/1011	no	6	4	0
Common Rite	cand-26e8ffd2d6c01f6a	1012	C/1220	C/1291	C/1208	C/1075	C/1012	C/1283	no	0	0	0
P4R	cand-a586b831de95632b	1012	C/1123	C/1117	C/1142	C/1329	C/1314	C/1012	no	0	0	0
SIFT	cand-cda9593e0f0c88ba	1012	C/1012	C/1196	C/1250	C/1429	D/1541	C/1161	no	0	4	0
Wayang	cand-c1a73d09b2decfb2	1013	C/1013	C/1222	C/1021	C/1100	C/1121	C/1166	yes	0	1	0
Call, Measure, Revise	cand-35aa2e3e22f8599a	1014	C/1329	C/1044	C/1132	C/1014	C/1048	C/1206	yes	0	0	0
Bayanu	cand-5053967db12ed0ce	1016	C/1095	C/1164	C/1097	C/1095	C/1016	C/1109	no	0	0	0
Care For	cand-3aaa456865c12be5	1017	D/1655	C/1441	C/1405	C/1181	C/1017	D/1508	yes	0	0	0
Call It	cand-5fdaa97668c9fd8e	1021	C/1053	C/1021	C/1217	C/1065	C/1144	C/1144	no	0	0	0
Delphi Null	cand-6aa08dc6e2c7e537	1021	C/1340	D/1493	C/1295	C/1067	C/1021	C/1438	no	0	0	0
A Little Help	cand-13caa9e9c772dfda	1022	D/1449	C/1374	C/1408	C/1076	C/1022	D/1489	no	6	0	0
Side Door	cand-be589ccfa83e650d	1023	C/1244	C/1446	C/1251	C/1069	C/1023	C/1338	no	0	0	0
Hypatia	cand-ee2e5af3bfb1fdba	1024	C/1024	C/1145	C/1098	C/1227	C/1260	C/1112	no	0	3	0
Tohutohu	cand-e006d446fe81d5e6	1026	C/1102	C/1251	C/1068	C/1145	C/1026	C/1199	no	6	0	0
Bhashiq	cand-702f7f26c500ce76	1027	C/1168	C/1252	C/1053	C/1159	C/1027	C/1150	no	6	0	0
Church Boundary	cand-8cf4b228d8657ad5	1030	C/1116	C/1247	C/1159	C/1035	C/1030	C/1180	no	0	0	0
Savepoint	cand-67ba9a7a922f3037	1031	C/1031	C/1285	C/1265	C/1332	C/1417	C/1228	no	0	3	0
DCL/EX	cand-0273041f31cc3d23	1032	C/1273	C/1032	C/1270	C/1470	D/1531	C/1123	no	0	0	0
Sisuva	cand-14f7c4f8469a1b09	1032	C/1103	C/1180	C/1119	C/1108	C/1032	C/1146	no	0	0	0
Ablation Society	cand-fce9ca8f1929a3b8	1033	D/1455	C/1346	C/1282	C/1073	C/1033	C/1357	no	0	0	0
Orpheum	cand-59a37649c6770a44	1033	C/1146	C/1160	C/1033	C/1206	C/1170	C/1087	no	0	2	0
CALC.EX	cand-5441b3f50d6cc07a	1034	C/1034	C/1137	C/1377	C/1368	D/1499	C/1299	no	0	0	0
Ingress	cand-487a0a9a39038de9	1036	C/1036	C/1212	C/1415	C/1428	D/1586	C/1234	yes	6	3	0
Partial Evaluator	cand-fd38aadae7db643f	1037	C/1193	C/1135	C/1087	C/1037	C/1066	C/1071	no	0	0	0
Rewrite System	cand-ab0aee4bd941c278	1037	C/1070	C/1151	C/1037	C/1172	C/1225	C/1058	no	0	0	0
Sensoria	cand-35746efa9d0c2dde	1038	C/1106	C/1284	C/1109	C/1104	C/1038	C/1137	no	0	0	0
Limen	cand-96ad72da603bfdff	1039	C/1078	C/1045	C/1039	C/1245	C/1238	C/1083	no	0	2	0
SIGIL:PROGRAM	cand-c4d3dca1460cdd30	1042	C/1169	C/1133	C/1075	C/1162	C/1131	C/1042	no	0	0	0
Peirce	cand-b08db61412cb20db	1043	C/1150	C/1093	C/1077	C/1289	C/1276	C/1043	no	0	1	0
Popper Relay	cand-bc75720c70421216	1046	C/1206	C/1382	C/1288	C/1066	C/1046	C/1367	no	0	0	0
Arch	cand-890cabe271136403	1047	C/1047	C/1206	C/1276	C/1345	C/1401	C/1168	no	0	3	0
Coordinate Ascent	cand-40fd1bf08c946585	1047	C/1196	C/1189	C/1121	C/1107	C/1173	C/1047	no	0	0	0
Tuklasu	cand-dd000375d8ff58b8	1047	C/1209	C/1131	C/1126	C/1125	C/1047	C/1132	no	0	0	0
The Declared Things	cand-bb95f9b5ae00e7d6	1049	C/1416	C/1078	C/1234	C/1120	C/1049	C/1246	no	0	0	0
NS:Trace	cand-3b779f260edf024f	1052	C/1204	C/1052	C/1173	C/1267	C/1275	C/1070	no	0	0	0
The Tribunal	cand-ed0fcfc74362b0d4	1053	D/1508	D/1643	C/1346	C/1170	C/1053	D/1545	no	0	0	0
Make Room for Maybe	cand-841e3f968bf1f2d8	1055	D/1673	C/1417	C/1452	C/1189	C/1055	D/1563	no	5	0	0
House of Scores	cand-a37b2828fa849246	1056	D/1531	C/1294	C/1218	C/1143	C/1056	C/1314	no	0	0	0
Kiln	cand-cdfe9ad58b46226d	1056	C/1063	C/1162	C/1056	C/1322	C/1336	C/1089	no	0	4	0
QuipQuip	cand-113ccfab5b2fecdd	1057	C/1194	C/1400	C/1340	C/1057	C/1070	C/1378	no	0	0	0
Tukey	cand-e9c974e51bac2961	1057	C/1057	C/1211	C/1100	C/1134	C/1185	C/1155	no	0	1	0
beam.run/1	cand-05bc68b05da9d2f5	1058	C/1058	C/1198	D/1569	D/1655	D/1786	D/1504	no	6	0	0
Raxa	cand-2964a4ec26fc5bdf	1058	C/1223	C/1351	C/1085	C/1200	C/1058	C/1176	no	0	1	0
Bunyian	cand-06db5b607f22f6ac	1059	C/1203	C/1321	C/1115	C/1152	C/1059	C/1224	yes	0	0	0
Invocation Boundary	cand-7dd141551f1bb2bb	1059	C/1200	C/1059	C/1151	C/1096	C/1117	C/1173	yes	0	0	0
Keycap	cand-02c03cafcd09be9e	1059	C/1059	C/1297	C/1297	C/1204	C/1250	C/1270	no	0	2	0
Error Budget	cand-ac92056bf8ddf54c	1061	C/1283	C/1205	C/1223	C/1089	C/1061	C/1162	no	0	0	0
METR	cand-ec99ce30dc2316d9	1061	C/1213	C/1178	C/1220	D/1586	D/1631	C/1061	no	0	2	0
Interdeclare	cand-90e0ad8703e5146d	1064	C/1323	C/1210	C/1147	C/1235	C/1195	C/1064	no	0	0	0
Tifinu	cand-02e02874230d12a6	1064	C/1210	C/1255	C/1106	C/1155	C/1064	C/1141	no	0	0	0
Tabula	cand-7c02a1336b79d6b4	1065	C/1065	C/1230	C/1256	C/1402	D/1477	C/1259	no	0	4	0
Sanasto	cand-8970fda07c715696	1068	C/1068	C/1155	C/1162	C/1158	C/1110	C/1163	no	0	0	0
Gyeolmun	cand-02daf6aeb13f5e91	1070	C/1098	C/1101	C/1070	C/1192	C/1112	C/1101	no	0	0	0
Shiori	cand-8b43b279c6620916	1071	C/1071	C/1108	C/1076	C/1333	C/1369	C/1107	no	0	3	0
Sutrava	cand-b6e96002b6d5f706	1072	C/1072	C/1244	C/1153	C/1191	C/1143	C/1230	no	0	0	0
Proceed by Refusing	cand-aeb860d178ac191d	1073	D/1559	C/1355	C/1379	C/1171	C/1073	D/1512	yes	6	0	0
Mediation Layer	cand-a6b4a85da2c00296	1075	D/1520	C/1349	C/1246	C/1193	C/1075	C/1260	no	0	0	0
Shared Kitchen	cand-54c6e31aabd805f2	1076	D/1522	D/1536	C/1447	C/1168	C/1076	D/1527	yes	0	0	0
Declaration Calculus	cand-229506414a041a67	1079	C/1320	C/1193	C/1166	C/1132	C/1079	C/1159	no	0	0	0
Suvra	cand-ba2fa43600d172b6	1079	C/1264	C/1282	C/1079	C/1293	C/1184	C/1093	no	0	2	0
Program School	cand-99a8ad2855e46013	1080	C/1365	C/1271	C/1337	C/1080	C/1089	C/1347	yes	0	0	0
Causal Compiler	cand-31c7b5201bf25743	1081	C/1249	D/1485	C/1302	C/1081	C/1126	C/1370	no	0	0	0
Madang	cand-434fb3d7921ce0c0	1081	C/1081	C/1249	C/1249	C/1397	C/1446	C/1280	no	0	1	0
Attribution.Line	cand-1391d53734f03177	1082	C/1240	C/1082	C/1228	C/1175	C/1203	C/1125	yes	0	0	0
Let Me Pace It	cand-93ee9d05d5e562c9	1082	D/1704	D/1538	D/1516	C/1228	C/1082	D/1623	no	0	0	0
Marginalia	cand-c84e1f3e420f2190	1082	C/1082	C/1087	C/1140	C/1337	C/1404	C/1116	no	0	3	0
Palimpsest	cand-0a5cec0b348b57fe	1083	C/1160	C/1138	C/1083	C/1447	C/1424	C/1102	yes	0	3	0
Karmeli	cand-84fd52722fae608e	1084	C/1165	C/1339	C/1175	C/1112	C/1084	C/1295	no	0	0	0
Helpful-ish	cand-c8c206d6e228cf33	1085	C/1258	C/1270	C/1324	C/1085	C/1102	C/1404	no	0	0	0
Pragma	cand-6f8bdbe23bec140b	1085	C/1085	C/1348	C/1294	C/1372	D/1485	C/1329	no	0	3	0
Kind of Agent	cand-51f354d77fe32b07	1086	C/1263	C/1086	C/1266	C/1188	C/1283	C/1204	no	0	0	0
PongPong	cand-79bf33cda29b3ff5	1087	C/1312	D/1562	C/1456	C/1126	C/1087	D/1502	no	6	0	0
Canon	cand-7a5356659c5b128b	1088	C/1088	C/1392	C/1243	C/1335	C/1382	C/1306	no	0	3	0
Robustness Check	cand-d66d8220c0059c1f	1088	C/1266	C/1088	C/1375	C/1256	C/1392	C/1124	no	0	0	0
Generation	cand-e661f4c935e8a5a8	1089	C/1089	C/1158	C/1210	C/1405	C/1434	C/1092	no	0	1	0
Public Interest Assembly	cand-42c25c06733dea20	1090	D/1680	D/1545	C/1412	C/1280	C/1090	D/1517	no	0	0	0
Sort of a Compiler	cand-96fcd6f4f50ed876	1090	C/1350	C/1092	C/1242	C/1090	C/1120	C/1316	no	5	0	0
Patch	cand-a4895eb44afc336f	1091	C/1091	C/1129	C/1211	C/1298	C/1375	C/1192	no	6	4	0
Ars Longa	cand-087e8ef422ce3792	1094	D/1608	C/1401	C/1306	C/1270	C/1094	C/1403	no	0	0	0
Operational Meaning	cand-49841180262489f9	1094	C/1318	C/1094	C/1239	C/1208	C/1231	C/1172	no	0	0	0
Port	cand-f8d397a33fcb9725	1094	C/1094	C/1264	C/1343	C/1354	C/1456	C/1344	no	6	2	0
Governability	cand-cc6942747bac8934	1095	D/1438	C/1171	C/1179	C/1351	C/1288	C/1095	no	0	0	0
Watershed Forum	cand-75203438cb96572b	1095	D/1636	C/1464	C/1404	C/1260	C/1095	D/1454	yes	0	0	0
Sidecar	cand-6c8b4535ccc87f19	1096	C/1096	C/1361	C/1402	C/1370	D/1498	C/1317	no	0	4	0
Name the Worker	cand-8c0b125019b4d91e	1098	D/1576	C/1389	C/1427	C/1166	C/1098	D/1477	no	0	0	0
Sandbox Key	cand-c70a31f4dc099222	1099	C/1154	C/1350	C/1233	C/1099	C/1141	C/1291	no	0	0	0
Hysteresis	cand-d02dc865763e79ea	1104	C/1104	C/1132	C/1219	D/1489	D/1538	C/1126	no	0	3	0
Repair in Public	cand-1f62fa1f65e0722d	1105	D/1644	D/1516	D/1517	C/1223	C/1105	D/1601	no	4	0	0
Dclar	cand-8dfefd5009ee138d	1106	C/1215	C/1121	C/1214	C/1334	C/1343	C/1106	no	0	0	0
Play the Case	cand-eb1fab56fc41e581	1106	D/1548	C/1416	C/1446	C/1174	C/1106	D/1533	no	0	0	0
Isolate	cand-014aadadffadbb5c	1107	C/1107	D/1492	D/1479	D/1534	D/1617	C/1444	no	0	3	0
Labor Charm	cand-5b652e432901e3eb	1107	C/1269	C/1432	C/1352	C/1122	C/1107	C/1413	no	0	0	0
Lunara	cand-7337f4164617ad2e	1107	C/1171	C/1237	C/1107	C/1199	C/1109	C/1131	no	0	2	0
Optimizer's Notebook	cand-85f50d20503bf2f1	1107	D/1500	C/1107	C/1280	C/1214	C/1211	C/1273	no	0	0	0
Quipu	cand-387dc0e6e06ea6ff	1108	C/1228	C/1367	C/1108	C/1362	C/1335	C/1268	no	0	3	0
EVAL-OR-STOP	cand-a0161604989d98a4	1110	C/1186	C/1110	C/1232	C/1167	C/1242	C/1194	no	0	0	0
Erroqa	cand-997b1928b98fce4b	1111	C/1174	C/1175	C/1129	C/1173	C/1111	C/1165	yes	0	0	0
Antikythera Draft	cand-04dec9c56463fc76	1113	D/1440	C/1170	C/1216	C/1216	C/1113	C/1247	yes	0	0	0
Scaffold	cand-db8a7260fb63f939	1114	C/1114	C/1204	C/1319	C/1341	D/1527	C/1229	no	6	4	0
PROV	cand-dd0c2c70261f6204	1115	C/1115	C/1139	C/1368	D/1633	D/1731	C/1178	no	0	3	0
The Good Handoff	cand-f0798885cf71f880	1115	D/1575	C/1412	C/1443	C/1194	C/1115	D/1522	yes	5	0	0
Control.Freight	cand-c2e572e25e9a84ab	1118	C/1394	C/1118	C/1135	C/1215	C/1162	C/1120	yes	0	0	0
Metrology Commons	cand-804cc6e774c54e37	1118	D/1472	C/1273	C/1229	C/1201	C/1118	C/1244	no	0	0	0
Regional Cost	cand-c2e1d22456016e73	1119	D/1465	C/1447	C/1403	C/1187	C/1119	C/1343	no	0	0	0
Shape	cand-f58940a313992e68	1119	C/1122	C/1176	C/1201	C/1308	C/1324	C/1119	no	6	4	0
The Quiet Referee	cand-63f6c41cb1650e1f	1122	D/1654	D/1522	D/1507	C/1239	C/1122	D/1580	yes	0	0	0
Rule of Thumb	cand-1005ea6aad10345f	1128	C/1128	C/1163	C/1206	C/1151	C/1215	C/1232	no	0	1	0
Kotoba	cand-dd280a858cc0a970	1129	C/1129	C/1313	C/1186	C/1477	D/1495	C/1279	no	0	3	0
The Program Notebook	cand-b176038e672e97e7	1129	D/1457	C/1322	C/1392	C/1165	C/1129	C/1394	no	0	0	0
Velora	cand-62bd9942f0b0662f	1129	C/1316	C/1359	C/1149	C/1462	C/1359	C/1129	no	0	3	0
Kotono	cand-747b641d1ff62d6f	1130	C/1140	C/1259	C/1189	C/1150	C/1130	C/1209	no	0	0	0
Plinth	cand-f33805c004eb30fb	1132	C/1132	C/1215	C/1212	D/1490	D/1523	C/1175	no	0	4	0
DAMP	cand-1b0cf192c14f7e5c	1133	C/1133	C/1240	C/1269	C/1292	C/1377	C/1207	no	0	1	0
Aria	cand-48803cad0f3dcf64	1134	C/1134	C/1265	C/1257	C/1304	C/1360	C/1216	no	0	3	0
Edition	cand-6a3be76103654913	1134	C/1222	C/1219	C/1191	C/1350	C/1346	C/1134	no	0	3	0
Mind the Gap	cand-6718c3e9cb714bed	1134	C/1208	C/1134	C/1163	C/1197	C/1246	C/1293	no	0	1	0
Co-Op	cand-ee25d46da8429368	1135	C/1268	C/1142	C/1205	C/1217	C/1204	C/1135	no	0	0	0
Subtitle	cand-a02c387e87f68f10	1135	C/1135	C/1300	C/1341	C/1299	C/1363	C/1312	no	0	3	0
Hold, Then Act	cand-09aa982961091d62	1136	D/1544	C/1276	C/1383	C/1237	C/1136	C/1406	no	0	0	0
Korafo	cand-6f505ee3edfed13a	1137	C/1137	C/1295	C/1200	C/1271	C/1271	C/1248	no	0	0	0
Bidea	cand-4879676bfd9c5422	1138	C/1138	C/1250	C/1253	C/1224	C/1202	C/1255	no	0	0	0
Nullius Lab	cand-bddc8887633a95d7	1140	C/1317	C/1253	C/1145	C/1210	C/1140	C/1191	yes	0	0	0
Plan and Run	cand-7ddfb9fe60629ccf	1141	C/1343	C/1141	D/1596	C/1481	D/1661	C/1334	no	0	0	0
Silent Door	cand-63b011152a78d8be	1142	C/1376	D/1531	C/1453	C/1225	C/1142	D/1456	no	0	0	0
Contest	cand-5c59d0c160a320ec	1143	C/1163	C/1201	C/1143	C/1255	C/1278	C/1149	yes	0	2	0
Entelechy	cand-87c3aab67ab6ea52	1144	C/1152	C/1326	C/1144	C/1249	C/1210	C/1278	no	0	0	0
P Value	cand-d94df413e08046d3	1144	C/1334	C/1337	C/1342	C/1144	C/1223	C/1310	no	0	0	0
Make Room	cand-da4c388bdfe2ec0d	1145	C/1377	C/1277	C/1287	C/1218	C/1145	C/1322	yes	5	1	0
Refuse the Throne	cand-dbca1bb81579e52c	1146	D/1693	D/1552	D/1534	C/1275	C/1146	D/1636	yes	0	0	0
Binder	cand-b5e5dd909a2330cd	1147	C/1147	C/1393	D/1482	D/1518	D/1604	C/1356	no	0	4	0
Show Your Parentage	cand-230207530a25c130	1148	D/1580	C/1399	C/1388	C/1266	C/1148	D/1488	no	0	0	0
Spool	cand-627c012b20c46af5	1148	C/1148	D/1488	C/1332	C/1366	C/1407	C/1366	no	0	3	0
Epistemic Review Board	cand-2da72dd6c1840ee6	1149	D/1560	C/1360	C/1312	C/1220	C/1149	C/1402	yes	0	0	1
Union	cand-ef3ff703d7565ab5	1149	C/1149	C/1302	C/1299	C/1365	C/1421	C/1208	no	0	3	0
Weak Normal Form	cand-8d1bc6b34552999d	1152	C/1253	C/1315	C/1236	C/1154	C/1152	C/1258	yes	0	0	0
Fermata	cand-a0f2e2f88a4199ec	1153	C/1153	C/1260	C/1170	C/1330	C/1287	C/1233	no	0	3	0
Misraq	cand-c44f0114072ee261	1153	C/1257	C/1281	C/1181	C/1281	C/1183	C/1153	no	0	0	0
Caller Bears the Call	cand-7ef098d676ecf9fe	1155	D/1618	C/1341	D/1505	C/1248	C/1155	D/1532	no	0	0	0
Compass	cand-d1068beeb96a6a79	1155	C/1155	C/1157	C/1182	C/1301	C/1354	C/1179	no	0	4	0
Leave the Blank	cand-7a6f1bde7789be98	1156	D/1727	D/1617	D/1528	C/1291	C/1156	D/1679	no	0	0	0
Ugnayan	cand-9230ec49bc91d1f2	1157	C/1157	C/1246	C/1209	C/1257	C/1253	C/1198	yes	0	0	0
Knuth Weave	cand-9b992c30e1f816ad	1160	D/1514	C/1431	C/1273	C/1285	C/1160	C/1340	no	0	0	0
DoneKind	cand-3594d43279e63594	1164	C/1164	C/1191	C/1315	C/1294	C/1330	C/1181	no	0	0	0
Not an App	cand-95f48ce1631e8fda	1164	C/1284	C/1301	D/1493	C/1164	C/1279	D/1525	yes	0	0	0
Architecture and Translation Tools	cand-f75b1442a6adee90	1166	D/1592	C/1166	D/1543	D/1664	D/1689	C/1337	no	0	0	0
The Terms	cand-dde741ae436412aa	1166	C/1412	C/1314	C/1331	C/1240	C/1166	C/1353	no	0	0	0
DX/SEM	cand-96311914b7c782c3	1167	D/1547	C/1167	C/1395	D/1530	D/1542	C/1263	no	0	0	0
MORA	cand-faf4cec4bc508b56	1167	C/1248	C/1234	C/1292	C/1471	D/1500	C/1167	no	0	2	0
Translate	cand-7fd690e20d081646	1167	C/1167	C/1268	C/1361	C/1426	D/1540	C/1298	no	0	4	0
ZingZing	cand-01f73ed8777c0082	1169	C/1420	D/1629	C/1434	C/1263	C/1169	D/1537	yes	0	0	0
Clare	cand-7edbd4be01be15bc	1170	C/1170	C/1296	C/1285	C/1375	C/1383	C/1265	yes	0	1	0
Remaindry	cand-043d3bb4b258da79	1171	C/1233	C/1216	C/1230	C/1313	C/1269	C/1171	no	0	0	0
The Friendly Refusal	cand-16affb3d568b1993	1171	D/1534	D/1473	D/1481	C/1236	C/1171	D/1579	no	0	0	0
Strike Key	cand-b151cd36c75a711b	1172	C/1371	D/1526	C/1439	C/1196	C/1172	D/1481	yes	0	0	0
The Typed Text Horizon	cand-d28cd680e55f1600	1176	D/1746	D/1540	C/1450	C/1358	C/1176	D/1553	no	0	0	0
Assembly	cand-e020bdf568793dee	1177	C/1177	C/1280	C/1309	C/1422	D/1464	C/1238	no	0	3	0
LM Program Algebra	cand-6773877c2a99313a	1177	C/1355	C/1177	C/1247	C/1296	C/1331	C/1249	no	0	0	0
Gloss	cand-d5da31aee80f1722	1178	C/1178	C/1460	C/1431	D/1512	D/1587	C/1424	no	0	4	0
True North	cand-c08dafdb54d4258d	1178	C/1190	C/1289	C/1196	C/1178	C/1196	C/1220	no	6	1	0
Remediary	cand-a99005671980741f	1179	D/1441	C/1422	C/1289	C/1290	C/1179	C/1311	no	0	0	0
Sorry, It Depends	cand-27491aa61ca11a86	1179	C/1300	C/1179	C/1335	C/1184	C/1252	C/1399	yes	5	0	0
Prompting	cand-0693ba199b2e89d5	1180	C/1180	C/1356	D/1592	D/1582	D/1767	C/1442	no	0	2	0
Amazrar	cand-c7460de798effc9b	1181	C/1282	C/1308	C/1195	C/1300	C/1181	C/1221	no	0	0	0
PVE	cand-168a3276263242e0	1182	C/1214	C/1214	C/1393	D/1653	D/1722	C/1182	no	0	3	0
The Sandbox Assembly	cand-d1508d001b114b1b	1182	D/1621	C/1459	C/1459	C/1276	C/1182	D/1550	yes	0	0	0
RECAP	cand-a3a6e0df57e9e3ae	1183	C/1183	C/1290	C/1330	D/1510	D/1582	C/1245	no	0	3	0
Umsicht	cand-fe565f9eb6cecd8c	1184	C/1307	C/1236	C/1260	C/1416	C/1364	C/1184	no	0	0	0
Habiqa	cand-e50fa63b1d021cc0	1185	C/1185	C/1327	C/1296	C/1314	C/1304	C/1331	no	0	0	0
Mark Murk	cand-9b85de014cffa7b3	1187	C/1202	C/1368	C/1284	C/1213	C/1187	C/1341	no	0	0	0
Compile.Path	cand-81c29c98548dca18	1188	C/1188	C/1254	C/1231	C/1282	C/1328	C/1188	yes	0	0	0
Meaningful Modules	cand-3cbdc3526124451b	1188	C/1279	C/1188	C/1329	C/1297	C/1348	C/1281	no	0	0	0
Locus	cand-0b597595a01aaa08	1190	C/1298	C/1396	C/1190	C/1378	C/1376	C/1214	no	0	4	0
Executable Semantics	cand-a02fe854f4e2c1e5	1193	C/1237	C/1208	C/1226	C/1211	C/1272	C/1193	no	0	0	0
Bodharo	cand-dc00faea49843b48	1194	C/1301	C/1383	C/1259	C/1268	C/1194	C/1315	no	0	0	0
DMD>RUN	cand-9ac00676d27ac2f2	1194	C/1396	C/1194	C/1378	D/1524	D/1532	C/1339	yes	0	0	0
Nursery	cand-a22f4d79b88c12cc	1195	C/1195	C/1449	C/1382	C/1415	D/1486	D/1473	no	0	4	0
Decl	cand-3ba23714dc723ddf	1197	C/1197	C/1414	D/1616	D/1819	D/1881	C/1443	yes	0	2	0
Keep Humans Liable	cand-14c14513c016dd5c	1197	D/1707	D/1590	D/1562	C/1331	C/1197	D/1666	no	6	0	0
Overseer	cand-e117fc61b613553c	1198	C/1198	D/1476	C/1448	D/1589	D/1681	C/1446	no	0	4	0
Own the Score	cand-0dead715640ea4b1	1198	D/1662	D/1550	D/1531	C/1253	C/1198	D/1640	no	0	0	0
Athanor	cand-8ca375046088497a	1199	C/1255	C/1292	C/1199	C/1374	C/1349	C/1275	no	0	3	0
IR-ish	cand-40f2d5de4a4456e3	1199	C/1388	C/1199	C/1347	C/1458	D/1482	C/1223	no	0	0	0
Keystone	cand-4cc7a4b341d8ce33	1199	C/1199	C/1421	C/1333	C/1404	D/1467	C/1348	no	0	3	0
Ostrom Workshop	cand-a7c2febb24f4a28b	1199	D/1562	D/1652	D/1496	C/1321	C/1199	D/1625	no	0	0	0
Rewrite Rule	cand-8649331e69476faf	1202	C/1313	C/1232	C/1305	C/1234	C/1334	C/1202	yes	0	0	0
Grain	cand-2c2240217b64aa2d	1207	C/1207	C/1288	C/1241	C/1309	C/1316	C/1267	no	0	3	0
Theoria	cand-9607845296539f45	1207	C/1352	C/1207	C/1240	D/1507	D/1502	C/1297	no	0	2	0
LEDGE	cand-aedf7b6928f455df	1212	C/1212	D/1507	C/1363	D/1519	D/1520	C/1393	no	0	3	0
Mnemosyne Archive	cand-56f069b69f54536d	1212	D/1456	C/1242	C/1224	C/1347	C/1243	C/1212	no	0	0	0
Continuum	cand-3632ba7b1f3c7698	1213	C/1296	C/1364	C/1277	D/1617	D/1628	C/1213	yes	0	4	0
TRANSFORM/BEAM	cand-c66dfdec4585e2c1	1213	C/1254	C/1213	C/1358	C/1445	D/1484	C/1349	no	0	0	0
Bayes Rehearsal	cand-89775666c7ad45f8	1214	D/1496	D/1557	C/1407	C/1226	C/1214	D/1482	no	0	0	0
Bring Your Evidence	cand-54e6d936cfe2a289	1216	D/1555	C/1354	C/1437	C/1243	C/1216	D/1486	no	0	0	0
Calibration	cand-e152337e4e85aa3e	1217	C/1243	C/1362	C/1291	C/1305	C/1367	C/1217	no	0	1	0
Metsamu	cand-893dcd6c311b4a65	1217	C/1288	C/1299	C/1237	C/1264	C/1217	C/1274	yes	0	0	0
Gemot	cand-2b4b555507d2ce95	1218	D/1467	C/1397	C/1320	C/1315	C/1218	C/1284	no	0	0	0
Naharil	cand-fe3d86d4a88f2fe6	1218	C/1270	C/1305	C/1258	C/1373	C/1296	C/1218	no	0	0	0
Klak	cand-a8c0068a16dc5e94	1219	C/1219	C/1377	C/1304	D/1563	D/1551	C/1300	no	0	3	0
Ancestral Cache	cand-36ea06ba37c28e27	1221	D/1447	D/1497	C/1380	C/1262	C/1221	C/1388	no	0	0	0
Editrack	cand-9ce2798a8909cae8	1221	C/1221	C/1373	D/1567	C/1306	C/1440	C/1423	no	0	0	0
Namespace Tariff	cand-8b0ad44d21e70803	1221	C/1413	C/1342	C/1419	C/1221	C/1254	C/1395	yes	6	0	0
Studio of Explicit Programs	cand-01a78621acf30915	1224	D/1532	C/1224	C/1433	C/1363	C/1388	C/1383	no	0	0	0
Egress	cand-a3083687ee111912	1225	C/1274	C/1262	C/1428	D/1496	D/1575	C/1225	yes	0	2	0
Mark	cand-6201eb4dccc956cc	1226	C/1226	C/1363	C/1336	C/1454	D/1491	C/1288	no	0	3	0
No Robot Boss	cand-4ca1a32ee101df91	1226	D/1505	D/1470	D/1501	C/1258	C/1226	D/1592	no	0	0	0
The Not-Quite-Agent	cand-22719c288414da9c	1228	C/1401	C/1228	C/1441	C/1259	C/1277	D/1451	no	0	0	0
Snapshotter	cand-4b3b925c8548cdd7	1229	C/1229	C/1353	C/1381	C/1432	D/1511	C/1319	no	0	2	0
Royalty Signal	cand-392a2b730db152a7	1230	D/1586	D/1640	D/1488	C/1284	C/1230	D/1574	no	0	0	0
Tool Belt	cand-922c8b860a58fdbc	1230	C/1230	C/1338	D/1495	C/1319	D/1463	C/1416	no	0	1	0
Redo Log	cand-ca3c0ef6dbf07b7a	1231	C/1265	C/1452	C/1409	C/1231	C/1266	C/1397	no	0	0	0
Reduction	cand-46401dc068e724ef	1231	C/1231	C/1319	C/1283	C/1302	C/1345	C/1282	no	0	1	0
Oikos	cand-318ebbe829f3c9ca	1232	C/1232	C/1332	C/1238	D/1499	D/1487	C/1241	no	0	2	0
Right to Revert	cand-20878d3f9334df0b	1232	D/1760	D/1740	D/1611	C/1389	C/1232	D/1751	no	0	0	0
Icarus Brake	cand-7773655fc9373dec	1233	D/1483	D/1479	C/1430	C/1254	C/1233	D/1474	yes	0	0	0
Niafora	cand-fb40d92e2fe8db1d	1234	C/1234	C/1309	C/1263	C/1277	C/1264	C/1269	no	0	0	0
:epsilon	cand-6ebf3c8d63ef6b21	1235	C/1235	D/1563	D/1623	D/1720	D/1807	D/1610	no	0	3	0
Graft	cand-4e762e9903eed0ed	1235	C/1239	C/1274	C/1235	C/1323	C/1351	C/1262	no	0	4	0
Merry Measure	cand-23eef0cd596c300e	1235	D/1446	C/1419	D/1485	C/1238	C/1235	D/1541	yes	0	0	0
Qalamet	cand-4f679362bd00dd48	1235	C/1310	C/1307	C/1255	C/1312	C/1247	C/1235	no	0	0	0
Koinon	cand-86064fef9ca4a0df	1236	C/1369	C/1334	C/1310	C/1394	C/1308	C/1236	no	0	0	0
Let Silence Stand	cand-ad509becf2728ecd	1236	D/1724	D/1521	D/1621	C/1355	C/1236	D/1682	no	5	0	0
Observable	cand-89c91f8fb410e1c5	1236	C/1236	C/1258	C/1357	D/1558	D/1638	C/1243	no	0	4	0
FifFaff	cand-ad4009e19489ca5f	1237	C/1295	C/1381	C/1271	C/1269	C/1237	C/1336	no	0	0	0
N=Maybe	cand-f7fb08d7ca86cb42	1238	D/1459	C/1238	C/1318	C/1393	C/1340	C/1318	no	0	0	0
Many Routes, One Contract	cand-b07b3c7be7389eab	1239	D/1650	C/1239	D/1518	C/1431	C/1430	D/1459	yes	0	0	0
Move Together	cand-27fdafe830c460d4	1239	D/1478	C/1403	C/1442	C/1272	C/1239	C/1435	no	0	0	0
Zrigan	cand-c46d530b3bfa904b	1239	C/1433	C/1298	C/1290	C/1414	C/1298	C/1239	yes	0	0	0
The Program Crossing	cand-f0e7fa5f20fcb2f5	1240	D/1652	C/1456	C/1454	C/1344	C/1240	D/1494	yes	0	0	0
Take the Side Road	cand-717f6ef715b22d6b	1241	D/1766	D/1588	D/1550	C/1407	C/1241	D/1675	yes	0	0	0
Unpromise	cand-13e9a386a5fdc3a9	1242	C/1242	C/1333	C/1356	C/1401	C/1436	C/1333	no	0	1	0
Empire of Care	cand-fb9b2a9c5fb26997	1245	D/1702	D/1749	D/1633	C/1326	C/1245	D/1726	yes	6	0	0
ns.call	cand-5c8999896838dc34	1248	C/1356	C/1248	C/1432	D/1615	D/1659	C/1301	no	0	0	0
Sādhana	cand-fe5e0abc02109d73	1248	D/1502	C/1436	C/1301	C/1342	C/1248	C/1419	no	0	0	0
Watchtower	cand-edcb8c004146015f	1250	C/1250	D/1537	C/1414	C/1479	D/1557	C/1430	no	0	4	0
Fit	cand-da4270e3735a3418	1251	C/1251	C/1424	D/1566	D/1616	D/1712	C/1449	no	0	3	0
Tlamatiq	cand-8e9d0124beb59a34	1252	C/1252	C/1330	C/1281	C/1327	C/1303	C/1326	no	0	0	0
Popper	cand-59a6978d251daa61	1254	C/1319	C/1385	C/1254	C/1283	C/1301	C/1261	no	0	2	0
Welcome Has Limits	cand-15a87f321f0b65b4	1255	D/1791	D/1625	D/1620	C/1421	C/1255	D/1693	no	4	0	0
Amaniq	cand-fc4fd65b3f62426d	1256	C/1344	D/1542	C/1323	C/1348	C/1256	C/1405	no	0	0	0
Kip	cand-7797a2701fdb8aaa	1259	C/1259	D/1582	D/1557	D/1699	D/1724	D/1519	no	0	3	0
Studio	cand-da0daaba4b156961	1261	C/1261	C/1391	C/1321	C/1441	D/1481	C/1292	no	0	3	0
Yixu	cand-728fa8125d647200	1261	C/1357	C/1378	C/1261	C/1403	C/1325	C/1276	no	0	0	0
Regulator	cand-fe98a4b07a9f4ee4	1264	C/1423	C/1310	C/1264	C/1369	C/1362	C/1371	yes	0	2	0
No Free Lunch	cand-274c435d4669aae4	1265	D/1458	C/1283	C/1385	C/1265	C/1273	C/1384	yes	0	0	0
Defer	cand-8f106893acee44fa	1267	C/1391	C/1267	C/1365	C/1395	C/1387	C/1360	no	0	4	0
PERSIST	cand-1c61425b1ba94748	1267	C/1267	C/1444	C/1327	D/1536	D/1572	C/1308	no	0	4	0
Please Rehearse	cand-bda573dfaa5e4451	1267	D/1602	D/1527	D/1553	C/1311	C/1267	D/1638	no	0	0	0
Wenmu	cand-7541b3e3db2b5eff	1268	C/1280	C/1387	C/1268	C/1346	C/1294	C/1303	no	0	0	0
Procotol	cand-a75f09e070874c77	1269	C/1291	C/1269	C/1401	D/1588	D/1626	C/1342	no	0	0	0
Hospice Kernel	cand-3ded85074a952b11	1270	D/1499	D/1626	C/1468	C/1303	C/1270	D/1577	yes	0	0	0
PraxisTelos	cand-80513b680d0235d2	1272	D/1504	C/1320	C/1339	C/1478	C/1409	C/1272	no	0	0	0
call.mesh	cand-f153ddb90ce35828	1275	C/1403	C/1275	C/1307	C/1384	C/1373	C/1309	no	0	0	0
Semantikon	cand-242fffdfef44efcb	1275	C/1289	C/1370	C/1275	D/1535	D/1536	C/1294	no	0	1	0
Bide	cand-4f11f4c28e2100ec	1277	C/1277	C/1443	D/1509	D/1637	D/1670	C/1439	no	0	2	0
mod->run	cand-007577f5acf1c73f	1278	D/1462	C/1278	C/1429	D/1540	D/1576	C/1411	no	0	0	0
Ariadne Thread	cand-d16fcb644b1bc984	1280	D/1489	D/1513	C/1387	C/1349	C/1280	D/1470	yes	0	0	0
Kintsugi Studio	cand-16457d72429f32a7	1281	D/1686	D/1636	D/1551	C/1387	C/1281	D/1627	no	0	0	0
Take	cand-d1905cf90af29a5a	1281	C/1281	C/1343	C/1334	C/1413	C/1428	C/1374	no	0	4	0
Own the Output	cand-2bc67ecb5bb9b3c3	1284	D/1601	D/1586	D/1530	C/1325	C/1284	D/1600	yes	0	0	0
Thuto	cand-b764fef7f3868765	1285	C/1285	C/1371	C/1354	C/1364	C/1358	C/1350	no	0	0	0
call.trace	cand-59fad2c4628513a0	1286	C/1364	C/1286	C/1418	D/1553	D/1578	C/1392	no	0	1	0
Error Model	cand-f13212bdb98d6733	1286	C/1286	C/1344	C/1435	C/1286	C/1412	C/1304	no	0	0	0
Multimodal Adapter	cand-57f07f1ae38b9ed5	1286	C/1404	C/1408	C/1445	C/1411	D/1483	C/1286	yes	0	0	0
Plural Vocation	cand-2abf10085d54f28a	1286	D/1569	D/1615	C/1471	C/1371	C/1286	D/1521	no	0	0	0
Gradient	cand-1b6a3443f30a8adc	1287	C/1297	C/1287	C/1317	C/1338	C/1408	C/1330	no	0	3	0
Tikkun	cand-4191cdb8fa294337	1287	C/1287	D/1465	C/1355	C/1343	C/1317	C/1409	no	0	0	0
A Good Question	cand-5435c9e320806bb1	1288	D/1518	C/1335	D/1508	C/1288	C/1309	D/1479	no	4	0	0
The Fair Play Office	cand-543e5793a7054bdb	1289	D/1759	D/1608	D/1599	C/1420	C/1289	D/1646	yes	0	0	0
Bureau of Reproducible Calls	cand-929203946f205844	1290	D/1703	D/1482	D/1515	C/1339	C/1290	D/1573	no	0	0	0
Foundation	cand-2bd8b7b0d83e0ec9	1290	C/1360	C/1304	C/1325	D/1498	D/1493	C/1290	no	6	4	0
Credit the Worker	cand-ae0b82e3d33a0d02	1291	D/1787	D/1681	D/1655	C/1439	C/1291	D/1729	no	0	0	0
CONTRACT/1	cand-d28a7a80c9e9f5d2	1292	C/1292	C/1345	C/1390	C/1449	D/1514	C/1415	no	0	0	0
Faculty of Iteration	cand-201de94a446d2489	1292	D/1756	D/1676	D/1580	C/1430	C/1292	D/1700	yes	0	0	0
Signatory	cand-1ff42b9980ddf85b	1293	C/1299	C/1426	C/1293	C/1438	C/1413	C/1307	no	0	3	0
Teach the Program	cand-a4c9d68f36d1f973	1293	D/1507	C/1293	D/1480	C/1353	C/1371	D/1485	no	0	0	0
Unknown Unknowns	cand-519c63a527c64244	1293	D/1578	C/1405	C/1370	C/1379	C/1293	C/1398	no	0	0	0
Safeguard	cand-f54d2de0a404d4af	1294	C/1294	D/1486	C/1425	C/1444	D/1516	C/1408	no	0	3	0
The Practice Council	cand-659886fee735d960	1297	D/1708	D/1569	D/1570	C/1419	C/1297	D/1578	no	0	0	0
Meter	cand-5eff322a1bd4164e	1302	C/1302	C/1365	C/1344	C/1466	D/1534	C/1407	no	0	4	0
VERA	cand-c7f6d322bc205f26	1302	C/1311	C/1425	C/1371	D/1532	D/1564	C/1302	no	0	3	0
Stitch	cand-864a42c4bf81be05	1303	C/1303	C/1352	C/1399	C/1486	D/1537	C/1390	no	5	4	0
Decline	cand-fd5f8cbed3d05d63	1304	C/1304	C/1366	C/1373	C/1473	D/1512	C/1328	no	0	1	0
Hizki	cand-74ca4108ce610e2f	1305	C/1321	C/1358	C/1398	C/1437	C/1402	C/1305	no	0	0	0
Pillar	cand-14cc3e8d95ceb60a	1305	C/1305	C/1306	C/1322	C/1424	C/1441	C/1313	no	0	4	0
Forum	cand-4eb41a2a9dfe7072	1306	C/1306	C/1458	D/1473	D/1497	D/1533	C/1401	no	0	3	0
Sorry, Not That	cand-c0a612427b4d7900	1306	D/1717	D/1665	D/1619	C/1406	C/1306	D/1731	yes	0	0	0
Semicolon Calculus	cand-e6f126006ce7381f	1307	C/1424	D/1718	D/1568	C/1357	C/1307	D/1696	yes	0	0	0
Revoke	cand-777ac4ea0a6e6f4d	1308	C/1308	D/1508	C/1455	C/1465	D/1501	C/1422	yes	0	2	0
Fixpoint	cand-da67cb57372943e1	1309	C/1309	D/1500	C/1367	C/1410	D/1503	C/1425	no	0	3	0
Talos Rehearsal	cand-90483c1dc08eb524	1310	D/1583	D/1571	D/1506	C/1352	C/1310	D/1556	no	0	0	0
Module Warehouse	cand-6ebd740655b03ab5	1312	C/1422	C/1312	D/1526	D/1538	D/1598	C/1332	yes	0	1	0
Please Do Not Automate	cand-cd0688e5b038db65	1312	D/1794	D/1719	D/1697	C/1418	C/1312	D/1804	yes	6	0	0
Roster	cand-c6836f7ad1c4da8a	1313	C/1327	C/1398	C/1313	C/1472	C/1453	C/1359	no	0	4	0
Quieture	cand-f2982e50e36bbec6	1314	C/1314	C/1318	C/1360	C/1433	C/1399	C/1321	no	0	0	0
Moot	cand-b3253887b19cdcde	1315	C/1315	D/1603	D/1504	C/1483	D/1513	D/1552	no	0	2	0
Namespace Turnstile	cand-b3b45c4493075a23	1315	D/1526	C/1404	C/1376	C/1360	C/1315	C/1445	yes	0	0	0
The Artifact Commons	cand-211b5811b861ca9c	1318	D/1687	D/1592	C/1463	C/1434	C/1318	D/1561	no	0	0	0
A Polite No	cand-59d5e0cc5d2e015c	1319	D/1705	D/1614	D/1695	C/1386	C/1319	D/1728	yes	0	0	0
Kill Switch Contract	cand-1ea32015ec09a029	1320	D/1643	D/1595	D/1586	C/1340	C/1320	D/1656	yes	6	0	0
Access Review Guild	cand-7d3c19e5ce412e8d	1321	D/1661	D/1484	D/1542	C/1376	C/1321	D/1543	no	0	0	0
Hova	cand-b5cd2194add85abb	1322	C/1417	D/1584	C/1421	C/1400	C/1322	C/1417	no	0	1	0
Resume	cand-a83a31320d921b88	1322	C/1322	D/1528	D/1532	D/1656	D/1716	D/1478	yes	0	3	0
Drift Gift	cand-1ceccf5f238dcfef	1323	D/1585	D/1682	D/1563	C/1396	C/1323	D/1645	no	0	0	0
voidable()	cand-e930e4ae7e4206e5	1323	D/1444	C/1323	C/1384	C/1385	C/1352	C/1381	no	0	0	0
Kijiji	cand-bbbec3bd530a0266	1324	C/1324	D/1512	D/1472	D/1622	D/1636	D/1455	no	0	1	0
Adjust	cand-2549c096fc692b12	1325	C/1333	C/1325	D/1484	D/1592	D/1640	C/1345	no	0	3	0
Intermediate Representation	cand-09c35fc694f8b720	1325	D/1539	C/1429	C/1422	D/1560	D/1552	C/1325	no	0	0	0
Mozhika	cand-31c13b6629305386	1326	C/1361	C/1430	C/1326	C/1456	C/1406	C/1355	yes	0	0	0
Results, Not Verdicts	cand-7b5031d5fd8d34d3	1326	D/1742	C/1435	D/1604	C/1390	C/1326	D/1626	no	0	0	0
Routing Table	cand-8d0b7a9df461305d	1326	C/1326	C/1331	D/1635	C/1469	D/1602	C/1379	no	0	0	0
Publigram	cand-e878941a8f617b46	1327	D/1481	D/1539	D/1521	C/1382	C/1327	D/1450	no	0	0	0
Command Post	cand-81143a3488ceafb4	1328	C/1342	D/1504	C/1464	C/1328	C/1381	C/1432	yes	0	0	0
Truchement	cand-85e5f22109dea36d	1328	D/1543	C/1328	D/1483	D/1621	D/1590	C/1377	no	0	0	0
lm.run	cand-d869f7900b884bda	1329	D/1515	C/1329	D/1660	D/1759	D/1826	C/1448	no	0	0	0
Revocare	cand-d7512ae438b0d44d	1329	C/1380	D/1503	C/1396	C/1392	C/1329	C/1421	no	0	0	0
HIVE	cand-7640da40298286a6	1330	C/1330	C/1448	C/1338	C/1427	C/1443	C/1376	no	0	4	0
Relais	cand-7fd1b2bd53e96775	1331	C/1331	C/1390	C/1423	D/1678	D/1720	C/1364	no	0	2	0
Errata	cand-0d0838668315bb2a	1332	C/1332	C/1407	C/1416	D/1579	D/1605	C/1346	no	0	4	0
Pass Manager	cand-7d474614c4563954	1335	C/1338	C/1394	C/1424	D/1550	D/1629	C/1335	no	0	2	0
Place	cand-81df63580cc9ff15	1335	C/1335	C/1440	D/1503	D/1611	D/1618	D/1471	no	0	4	0
Seshat Margin	cand-29a9c3e26d445de2	1336	C/1336	C/1369	C/1374	C/1356	C/1370	C/1368	no	0	0	0
Tools Need Permission	cand-ba2ab79a97d3734f	1337	D/1755	D/1577	D/1677	C/1388	C/1337	D/1704	no	0	0	0
NEST	cand-75ef2e329bdb50d2	1339	C/1339	C/1437	C/1467	D/1606	D/1649	C/1354	no	0	4	0
The Measurable Score	cand-75622aea27402194	1339	D/1789	D/1631	D/1622	C/1482	C/1339	D/1671	no	0	0	0
Formal-ish Systems	cand-3675b19df1fd87eb	1340	D/1510	C/1340	D/1583	D/1557	D/1600	D/1484	yes	0	0	0
Itumelo	cand-98b7f9fde486cba2	1344	D/1479	D/1478	C/1411	C/1408	C/1344	C/1410	no	0	0	0
Howsit	cand-8791ac9486624ae1	1345	C/1345	C/1423	C/1470	D/1528	D/1547	D/1506	no	0	1	0
Xunshu	cand-01e8a614f212bd1d	1346	C/1346	C/1455	C/1348	D/1504	C/1419	C/1361	no	0	0	0
Many Beliefs	cand-8fde540858d8d8e7	1347	D/1624	D/1639	D/1625	C/1417	C/1347	D/1619	no	0	0	0
Maybe, Under Test	cand-fe63fb018c84afa4	1347	D/1620	C/1347	D/1558	D/1500	D/1504	D/1518	no	0	0	0
Access Mode	cand-d60f47b8c9fb75ba	1348	C/1348	C/1410	D/1486	C/1409	C/1450	C/1352	no	6	0	0
Forklift Namespace	cand-0bfa4119b72815b9	1350	D/1517	D/1558	D/1510	C/1380	C/1350	D/1509	no	0	0	0
Proscenium	cand-9a79b8b5b2a4812d	1350	C/1430	C/1402	C/1350	D/1494	D/1473	C/1373	no	0	1	0
Tlatolli	cand-11e4f1e50bf278c5	1351	C/1390	C/1372	C/1351	C/1484	C/1449	C/1358	yes	0	0	0
Jiexu	cand-a53b62c68403fe71	1353	C/1435	C/1463	C/1353	D/1495	C/1394	C/1369	no	0	0	0
Council	cand-a0c7ec73f6d7f2b4	1354	C/1354	C/1420	C/1389	C/1435	C/1457	C/1382	no	0	3	0
Nonway	cand-a25373ba16a79fed	1359	C/1359	D/1564	D/1538	C/1474	C/1461	D/1498	yes	0	0	0
Anima Grove	cand-5eac4484be70760c	1361	D/1542	D/1634	D/1514	C/1425	C/1361	D/1582	no	0	0	0
Attribute	cand-a92bfd02c450af03	1362	D/1482	D/1487	C/1420	D/1636	D/1585	C/1362	no	0	3	0
Laplace	cand-00b38c8bf4329725	1362	C/1389	D/1548	C/1362	C/1377	C/1379	C/1385	no	0	2	0
Ready	cand-b24d6d33736ecd56	1362	C/1362	D/1481	C/1460	D/1554	D/1562	D/1467	no	0	3	0
Daozuo	cand-f841e8449b7a00ad	1363	C/1363	D/1505	C/1438	C/1450	C/1415	D/1466	no	0	0	0
Janus	cand-850ca8e0ec3f2106	1364	D/1473	D/1475	C/1364	D/1533	D/1510	D/1510	no	0	4	0
The Textual Systems Office	cand-18eafe5403f1a27b	1365	D/1792	D/1529	D/1533	D/1517	C/1365	D/1514	no	0	0	0
APR	cand-02b3dce98c618972	1366	C/1366	C/1457	D/1581	D/1789	D/1832	C/1400	no	0	2	0
Erase	cand-5cf46cd89515601e	1367	C/1367	D/1599	D/1541	C/1423	D/1480	D/1551	no	0	2	0
Tabletop	cand-dd7a47c0c9984e92	1369	C/1427	C/1380	C/1369	C/1412	C/1414	C/1391	no	0	3	0
Nepantla	cand-56b09f3032f57106	1370	C/1370	C/1433	C/1413	C/1453	C/1438	C/1420	no	0	0	0
Oryn	cand-1faafca3dea99e07	1372	D/1439	D/1494	C/1417	D/1705	D/1669	C/1372	no	0	3	0
PACT	cand-998a13ae02ef7be3	1372	C/1419	C/1376	C/1372	D/1508	D/1556	C/1386	no	0	4	0
The Shared Notebook	cand-344f379aeebab1dc	1372	D/1722	D/1666	D/1661	C/1443	C/1372	D/1722	no	0	0	0
Wings	cand-44ff30f3c7242b3c	1372	C/1372	D/1601	D/1589	D/1598	D/1579	D/1576	no	0	3	0
Anansi	cand-597acaf0c1079654	1373	C/1373	D/1668	D/1478	D/1639	D/1623	D/1628	no	0	4	0
Keep Many Ways	cand-1fc62ddeb61cd091	1374	D/1788	D/1618	D/1610	D/1561	C/1374	D/1635	no	0	0	0
Eudaimon	cand-81c8d653ceaa3815	1375	C/1421	D/1472	C/1391	D/1488	C/1459	C/1375	yes	0	0	0
GAUGE	cand-a90fd9a9a1e66597	1378	C/1378	D/1547	D/1636	D/1725	D/1820	D/1548	no	0	3	0
Load-Bearing Prompts	cand-c9394a8738772094	1380	D/1729	D/1693	D/1687	C/1383	C/1380	D/1761	no	6	0	0
Morphism	cand-78e5fe1da6897196	1381	C/1381	D/1543	C/1436	D/1604	D/1608	C/1427	no	0	3	0
Practice Run	cand-1d2e2e09552824ff	1381	D/1461	C/1395	D/1572	C/1381	C/1444	D/1495	no	0	0	0
Supervision Tree	cand-851a7b5a224dabf1	1382	C/1382	D/1483	D/1602	D/1567	D/1654	D/1539	no	0	0	0
Bridge	cand-17f29b073143d8cd	1384	C/1399	C/1384	D/1559	D/1591	D/1688	D/1547	no	5	4	0
Revisionist	cand-32e0b79ba99c583f	1384	C/1384	D/1551	C/1461	D/1585	D/1615	D/1491	no	0	2	0
A Commons of Routes	cand-f72c8c253b2374d1	1385	D/1659	C/1413	D/1490	D/1515	C/1385	D/1531	yes	0	0	0
Contract	cand-cc8321d6375c494d	1386	C/1386	D/1491	C/1457	D/1626	D/1701	C/1418	no	0	3	0
Germinal	cand-7dcea739e25892b6	1386	D/1524	D/1498	C/1386	D/1545	D/1474	D/1515	no	0	1	0
No Flag Required	cand-f7b69f7b44431dde	1386	D/1753	D/1669	D/1671	D/1502	C/1386	D/1727	yes	0	0	0
Splinch	cand-3e1b31918153a250	1387	C/1387	D/1637	D/1498	D/1522	D/1476	D/1520	no	0	0	0
Trellis	cand-3a4ad37e305ff3bb	1388	C/1411	C/1388	C/1451	D/1514	D/1559	D/1469	no	0	4	0
SEM-0	cand-1486aa2e2afa2b80	1389	D/1451	C/1418	C/1440	D/1506	D/1515	C/1389	no	0	0	0
Stop Here	cand-351a8bbca3481a1d	1390	D/1606	D/1517	D/1617	C/1436	C/1390	D/1608	no	0	0	0
Olympus CI	cand-0bd3b0c913bbaaf0	1391	D/1558	D/1632	D/1549	C/1391	C/1416	D/1589	yes	0	0	0
Escort	cand-a448294a6283de8a	1392	C/1392	D/1659	D/1601	D/1628	D/1668	D/1620	yes	0	1	0
P|Tree	cand-18e39fd5cf7e6be9	1393	C/1393	D/1501	D/1590	D/1711	D/1762	D/1659	yes	0	1	0
Ziranic	cand-98b2c90af77c65dd	1393	D/1471	D/1532	C/1400	C/1463	C/1393	C/1429	no	0	0	0
Terpsichore	cand-9725dde3671f41d5	1394	D/1512	C/1438	C/1394	D/1551	C/1455	C/1428	no	0	0	0
Métron	cand-46c99bd289a99085	1395	C/1395	C/1409	C/1397	D/1556	D/1577	D/1483	no	0	3	0
One Step at a Time	cand-ac91c34dcbbc3e10	1396	D/1623	C/1428	D/1630	C/1399	C/1396	D/1654	no	0	0	0
Every Prompt Has a Scaffold	cand-c604b6963bbe06c3	1397	D/1816	D/1711	D/1737	C/1446	C/1397	D/1797	no	6	0	0
Throttle	cand-2a4542aea2e6742f	1397	C/1397	D/1523	D/1519	D/1578	D/1645	D/1468	no	0	4	0
Pas de Deux	cand-b48bbf09b22df3eb	1398	D/1653	D/1587	D/1523	D/1509	C/1398	D/1596	no	0	0	0
Repairity	cand-e69734026ea4447f	1400	D/1541	D/1525	D/1475	C/1464	C/1400	D/1472	no	0	0	0
Bridge Without a Center	cand-a19b37712d53e1a6	1403	D/1798	D/1596	D/1614	D/1566	C/1403	D/1667	yes	5	0	0
Care	cand-f9ed2b54fd72ac16	1405	C/1405	D/1604	C/1449	C/1455	C/1422	D/1529	no	5	3	0
Cohortgrid	cand-93d715c90e600da0	1405	D/1639	D/1745	D/1644	C/1476	C/1405	D/1651	yes	0	0	0
NULL/OK	cand-fa7c32bff5d57755	1406	D/1625	C/1406	D/1584	D/1662	D/1679	C/1447	no	0	0	0
Workwatch	cand-30443254d29f120e	1406	C/1406	D/1598	D/1511	D/1610	D/1651	D/1497	yes	0	2	0
Check	cand-20f65c28671b4093	1407	C/1407	C/1442	D/1692	D/1728	D/1821	D/1511	no	0	3	0
Panopticon	cand-d462a0c605b3cfc8	1409	C/1409	D/1695	D/1597	D/1638	D/1700	D/1650	yes	0	3	0
Liskov Ledger	cand-466afaec7d2af950	1410	D/1626	D/1728	D/1640	C/1480	C/1410	D/1707	no	0	0	0
WIT	cand-939df4a72606636c	1410	C/1410	D/1506	C/1410	D/1635	D/1630	D/1476	no	0	4	0
Check In	cand-0630e40913146a92	1415	D/1537	C/1415	D/1603	C/1460	D/1492	D/1524	no	6	1	0
THREAD	cand-39200d1e8a8dbbb6	1415	C/1415	D/1609	D/1539	D/1642	D/1657	D/1496	no	0	3	0
Cooperate	cand-30a9caa9170d230f	1418	C/1418	D/1474	D/1579	D/1624	D/1671	D/1487	no	0	1	0
Growth Debt	cand-0ea4494dae9ba339	1420	D/1593	D/1628	D/1591	C/1440	C/1420	D/1603	yes	0	0	0
Wait for Consent	cand-42598d4d99785fd3	1425	D/1763	D/1709	D/1728	D/1492	C/1425	D/1764	no	0	0	0
fork/no-fork	cand-b9c16972fe5f0151	1426	D/1611	C/1439	C/1426	D/1516	C/1442	C/1434	no	0	0	0
Gemach	cand-d6a3af37f2cb6428	1426	D/1525	C/1451	D/1544	D/1577	D/1553	C/1426	no	0	0	0
Steady	cand-57e1f047b30bdadc	1426	C/1426	D/1641	D/1560	D/1570	D/1563	D/1562	no	0	3	0
Keyboard First	cand-f197b482ae19e362	1429	D/1737	D/1680	D/1712	D/1523	C/1429	D/1687	no	0	0	0
Musubi	cand-9a892562e86e35a6	1429	C/1429	D/1622	D/1564	D/1723	D/1741	D/1616	no	0	4	0
Data Custody	cand-6fcafba069ebe8fa	1431	D/1528	D/1495	C/1458	C/1448	C/1458	C/1431	no	0	0	0
Multiphase Memory	cand-342a8529d96d6882	1431	D/1567	D/1496	D/1529	C/1451	C/1431	D/1544	no	0	0	0
Remainder	cand-9fad7c57062b0877	1431	C/1431	D/1469	D/1497	D/1547	D/1528	D/1452	no	0	1	0
DSEx.Nova	cand-43b08369f77218ed	1432	C/1432	D/1489	D/1499	D/1549	D/1566	C/1440	yes	0	0	0
Rukunet	cand-ff13d7f0cd0d317a	1432	D/1450	D/1533	D/1492	C/1461	C/1432	D/1507	no	0	0	0
Gapter	cand-627ab0fc10955abb	1433	D/1475	D/1468	D/1520	D/1552	D/1522	C/1433	no	0	0	0
Affect-Aware Evaluation	cand-47d3700cfec9900c	1434	D/1735	C/1434	D/1608	D/1587	D/1569	C/1437	yes	0	0	0
Mender	cand-33e1317ffcb18951	1434	C/1434	D/1612	D/1578	D/1539	D/1539	D/1588	no	0	2	0
Lyceum Assembly	cand-06a8fc3d380fd53d	1435	D/1709	D/1621	D/1576	D/1511	C/1435	D/1595	no	0	0	0
Drafture	cand-12373d7f8aeeb1e5	1436	D/1538	D/1502	D/1494	D/1531	D/1472	C/1436	yes	0	0	0
Sederu	cand-558edc3d5d132098	1436	D/1436	D/1568	C/1466	D/1493	D/1468	D/1505	no	0	0	0
Hevruta	cand-29e70100fc62c2e9	1437	D/1437	D/1574	D/1556	D/1605	D/1619	D/1566	no	0	0	0
Model Railway	cand-6f5cf34904651117	1437	D/1667	D/1720	D/1681	C/1459	C/1437	D/1713	yes	0	0	0
Omnilo	cand-c05f40b4150933b5	1439	D/1535	D/1674	D/1527	D/1527	C/1439	D/1559	no	0	0	0
Hesheng	cand-beca44f84f1d9ae4	1441	D/1442	D/1490	D/1476	C/1485	C/1448	C/1441	yes	0	0	0
Tranloss	cand-1ecfd90ded8da525	1443	D/1443	D/1499	D/1540	D/1646	D/1678	D/1460	no	0	0	0
OTPX	cand-9d37801647993d42	1445	D/1445	D/1611	D/1716	D/1816	D/1846	D/1602	yes	0	2	0
PROGRAM{MEANING}	cand-ef94f751facf1fc4	1445	D/1711	C/1445	D/1552	D/1645	D/1597	D/1490	no	0	0	0
Build the Boring Part	cand-75399fa52e1815b0	1447	D/1638	D/1467	D/1647	C/1457	C/1447	D/1676	yes	0	0	0
Posterior	cand-00ff6f13379089e6	1448	D/1448	D/1593	D/1477	D/1525	D/1558	D/1457	no	0	2	0
R/Start	cand-bfd99a82e63d9db6	1450	D/1540	C/1450	D/1585	D/1629	D/1637	D/1569	yes	0	0	0
Scores Need Witnesses	cand-e31e10452bd857ac	1451	D/1900	D/1780	D/1801	D/1562	C/1451	D/1840	yes	6	0	0
Converge	cand-54caafa49296ec47	1452	D/1452	D/1688	D/1652	D/1677	D/1765	D/1637	no	0	3	0
Pass It On	cand-0b0a4d40e6ebb481	1452	D/1691	D/1576	D/1643	D/1513	C/1452	D/1633	no	0	1	0
Benchmarks	cand-cb1d2fdcc86ce72a	1453	D/1553	C/1453	D/1667	D/1688	D/1770	D/1453	no	0	2	0
Canopy	cand-fee5dfd46b125f37	1453	D/1453	D/1519	D/1513	D/1597	D/1607	D/1493	yes	0	4	0
No More Better	cand-8abab7dae6c251c4	1454	D/1828	D/1782	D/1762	D/1580	C/1454	D/1811	yes	6	0	0
Workshop	cand-ee510d1a07ac7e64	1454	D/1497	C/1454	D/1502	D/1565	D/1583	D/1501	no	0	4	0
Memento	cand-fe432cb211dac676	1460	D/1460	D/1585	D/1500	D/1546	D/1555	D/1480	no	0	4	0
Relievery	cand-e30890bfee78a2ff	1460	D/1476	D/1554	D/1536	C/1487	C/1460	D/1499	no	0	0	0
Quorum	cand-5f09ae9ab8cfe6c9	1461	D/1480	D/1578	D/1512	D/1607	D/1624	D/1461	no	0	3	0
run<-eval	cand-84f8104893e4cdf3	1461	D/1669	C/1461	D/1637	D/1710	D/1738	D/1615	yes	0	0	0
Alembic	cand-8249d2c3468df10e	1462	D/1488	D/1514	C/1462	D/1599	D/1584	D/1465	no	0	4	0
beam://prog	cand-1e6777a66f076828	1462	D/1521	C/1462	D/1641	D/1679	D/1692	D/1597	no	0	0	0
The Shift	cand-6d66b40f28947570	1462	D/1550	D/1553	D/1546	D/1491	D/1462	D/1530	yes	0	0	0
Manifold	cand-4dd5b6e2bf3bfd4f	1463	D/1584	D/1524	D/1565	D/1682	D/1728	D/1463	yes	0	4	0
Noh	cand-a45e00e9a63cc541	1463	D/1463	D/1673	D/1571	D/1712	D/1713	D/1613	yes	0	2	0
Inari	cand-039fc3bf936c9105	1464	D/1464	D/1651	D/1522	D/1659	D/1665	D/1583	no	0	3	0
Metrics Choose the Winner	cand-72267b8427bd270e	1465	D/1809	D/1530	D/1710	D/1501	D/1465	D/1686	no	0	0	0
Ada's Footnote	cand-e54072b1b82bd5f7	1466	D/1744	D/1573	D/1588	D/1526	D/1466	D/1630	no	0	0	0
code/ns	cand-2acd78e146a742d9	1466	D/1675	D/1466	D/1582	D/1736	D/1743	D/1523	no	0	0	0
Module Ledger	cand-389e6ec77ba8120f	1467	D/1490	D/1635	D/1676	C/1467	D/1574	D/1572	yes	0	0	0
Disclose	cand-99d79cff2cb32aac	1468	D/1468	D/1654	D/1547	D/1600	D/1581	D/1567	no	0	3	0
Gameboard	cand-bf9f83a1d15c959f	1469	D/1469	D/1594	D/1600	D/1623	D/1653	D/1557	no	0	3	0
Meaning	cand-e409bfc6fe798c2e	1469	D/1536	D/1677	C/1469	D/1574	D/1518	D/1565	no	0	2	0
ORBIT	cand-4fa1a13ac468ac49	1470	D/1470	D/1613	D/1577	D/1663	D/1697	D/1538	no	0	4	0
The Ninth Muse	cand-289f27258b2e400f	1470	D/1877	D/1858	D/1768	D/1619	D/1470	D/1836	yes	0	0	0
Tamusni	cand-1716c26c936a5e39	1474	D/1474	D/1591	D/1487	D/1544	D/1490	D/1528	no	0	0	0
Tlacuilo	cand-dadf7bff4ec2d65f	1474	D/1511	D/1549	D/1474	D/1573	D/1506	D/1546	no	0	0	0
Duhem-Quine	cand-cd32bc0fc6ed44d3	1475	D/1696	D/1515	D/1537	D/1603	D/1475	D/1540	no	0	0	0
Follow Beside	cand-ef30eb14e3be60e0	1477	D/1596	D/1477	D/1587	D/1529	D/1479	D/1560	no	0	0	0
Run/0	cand-871d6d04daf1b5d7	1477	D/1477	D/1556	D/1653	D/1601	D/1610	D/1660	no	0	0	0
Game Senate	cand-01fa4bdf0c5c22fc	1478	D/1701	D/1753	D/1683	D/1571	D/1478	D/1720	yes	0	0	0
From Signature to Rehearsal	cand-3dc4b08d99036fbd	1480	D/1764	D/1480	D/1698	D/1576	D/1570	D/1662	no	0	0	0
Fayan	cand-a811bff38d9ec9d8	1484	D/1484	D/1644	D/1575	D/1548	D/1530	D/1599	no	0	0	0
Try This	cand-a15c66b403b0277e	1486	D/1486	D/1541	D/1628	D/1609	D/1655	D/1632	no	0	1	0
PRV	cand-4ea01d3347cdbd16	1487	D/1487	D/1511	D/1672	D/1829	D/1860	D/1500	no	0	1	0
Freight Compiler	cand-a4cdf3de30c21662	1489	D/1748	D/1794	D/1713	D/1569	D/1489	D/1746	no	0	0	0
plural://beam	cand-7f2d3403e3050fb5	1489	D/1516	D/1560	D/1489	D/1650	D/1599	D/1542	no	0	0	0
Kintsugi	cand-eb777bd61e47f0f6	1491	D/1613	D/1664	D/1491	D/1666	D/1609	D/1587	yes	0	3	0
Return	cand-7187f0675eb38279	1491	D/1491	D/1510	D/1609	D/1627	D/1634	D/1570	no	0	2	0
Peer Review	cand-4c887fd869d8ca86	1492	D/1615	D/1509	D/1626	D/1541	D/1550	D/1492	no	0	0	0
Credal	cand-57c3a9984936cca7	1494	D/1494	D/1648	D/1554	D/1618	D/1612	D/1598	no	0	1	0
Nachsorge	cand-b0ecfc16bffd468b	1494	D/1594	D/1645	D/1548	D/1564	D/1494	D/1593	yes	0	0	0
Riff	cand-85b83ca4ec180810	1495	D/1495	D/1520	D/1535	D/1559	D/1560	D/1605	yes	0	4	0
Carbon-Cost Account	cand-5a5c779abbecf65e	1496	D/1761	D/1646	D/1674	D/1572	D/1496	D/1617	yes	0	0	0
Form	cand-07397d633f25a710	1501	D/1501	D/1570	D/1632	D/1726	D/1764	D/1564	no	0	4	0
Dijkstra Trace	cand-60b71d6489da3276	1503	D/1503	D/1546	D/1595	D/1568	D/1620	D/1575	no	0	0	0
Halte	cand-9059de4c26a7c483	1503	D/1554	D/1561	D/1525	D/1660	D/1616	D/1503	no	0	1	0
Kutluq	cand-546f05e1d40c6e66	1505	D/1651	D/1705	D/1561	D/1632	D/1505	D/1639	no	0	0	0
Pair	cand-47d8bd46877831cc	1506	D/1506	D/1566	D/1555	D/1537	D/1529	D/1526	no	0	3	0
Switchyard Gospel	cand-c78fcc0eb2cbb2e4	1507	D/1612	D/1730	D/1658	D/1542	D/1507	D/1712	yes	0	0	0
Owner's Metric	cand-53e803d03f397a5b	1508	D/1726	D/1620	D/1659	D/1543	D/1508	D/1669	yes	0	0	0
Lex	cand-15e38a21669d3adc	1509	D/1509	D/1713	D/1705	D/1747	D/1795	D/1674	no	0	3	0
Out of Distribution	cand-ab7e79ac76c06d98	1509	D/1790	D/1559	D/1574	D/1581	D/1509	D/1535	no	0	0	0
R/0	cand-dd191696e15e2ee2	1513	D/1670	D/1555	D/1545	D/1676	D/1601	D/1513	yes	0	0	0
lm://graph	cand-a0165feb4062d383	1516	D/1765	D/1565	D/1606	D/1732	D/1721	D/1516	no	0	0	0
Diwaqa	cand-4d45553f1b1d7c34	1517	D/1645	D/1737	D/1615	D/1612	D/1517	D/1683	no	0	0	0
Scribe	cand-ffb301e28a65f304	1518	D/1579	D/1518	D/1598	D/1608	D/1650	D/1606	no	0	4	0
Broadcast Tower	cand-ae709620e784e337	1519	D/1629	D/1786	D/1721	D/1520	D/1519	D/1742	no	0	0	0
Trace/0	cand-2ff8bc76b859dc62	1519	D/1519	D/1534	D/1679	D/1651	D/1694	D/1709	no	0	0	0
Seshat	cand-8c9ae7be237773df	1524	D/1582	D/1606	D/1524	D/1680	D/1686	D/1594	no	0	4	0
Wage Trace	cand-3ebe43e29af9ed5c	1524	D/1734	D/1829	D/1742	D/1602	D/1524	D/1766	no	0	0	0
Traceparent	cand-517a42778cb62c11	1529	D/1529	D/1769	D/1764	D/1787	D/1829	D/1739	no	0	2	0
Wait	cand-716ecabb45ac6a88	1530	D/1530	D/1580	D/1613	D/1652	D/1639	D/1554	no	0	3	0
Expire	cand-b2dae5aed5b773b6	1533	D/1533	D/1656	D/1649	D/1631	D/1642	D/1634	no	0	3	0
RMP	cand-a0ba73e0de7d495a	1534	D/1581	D/1600	D/1706	D/1845	D/1872	D/1534	no	0	3	0
Container Prefix	cand-34c6fb819693d7c3	1535	D/1563	D/1633	D/1618	D/1555	D/1535	D/1536	no	0	0	0
Human in the Loop	cand-02ca7514a4c9836a	1535	D/1768	D/1535	D/1726	D/1648	D/1696	D/1621	yes	0	0	0
The Palladio Project	cand-028ef5ce1459186e	1543	D/1812	D/1723	D/1646	D/1654	D/1543	D/1736	yes	0	0	0
Shamba	cand-930bd1c230c6dbb0	1544	D/1572	D/1679	D/1605	D/1583	D/1544	D/1618	no	0	0	0
Jigyasa	cand-91b49e6039362cd7	1545	D/1589	D/1581	D/1593	D/1584	D/1545	D/1581	yes	0	0	0
Triage	cand-0f916789d300a986	1545	D/1545	D/1572	D/1642	D/1724	D/1803	D/1590	no	0	4	0
Humane Automation	cand-bbdd2ef2b29917c0	1546	D/1690	D/1704	D/1684	D/1575	D/1546	D/1684	yes	0	0	0
PACE	cand-19b87ac5ecb1afe2	1546	D/1546	D/1579	D/1629	D/1658	D/1693	D/1604	yes	0	4	0
Mishpatu	cand-1b984522283f3b45	1548	D/1656	D/1672	D/1607	D/1641	D/1548	D/1629	yes	0	0	0
Bespoke	cand-ba86c3e52a81fe02	1549	D/1549	D/1660	D/1634	D/1687	D/1717	D/1571	yes	0	3	0
Not Yet	cand-4ddf3eb12b63266b	1549	D/1698	D/1683	D/1715	D/1590	D/1549	D/1716	yes	0	0	0
PNS	cand-128214ff83a2ea92	1549	D/1565	D/1623	D/1765	D/1867	D/1907	D/1549	no	0	3	0
Taskmaster	cand-52ecca5135d5521e	1551	D/1551	D/1714	D/1665	D/1715	D/1771	D/1644	yes	0	4	0
Ordnung	cand-04d2a8cf88acdc3e	1552	D/1552	D/1662	D/1662	D/1721	D/1753	D/1649	no	0	2	0
Hakika	cand-5fe695eba49d92f3	1554	D/1660	D/1731	D/1645	D/1593	D/1554	D/1691	yes	0	0	0
Failover	cand-4d05c36518eb5011	1557	D/1557	D/1783	D/1745	D/1742	D/1792	D/1747	no	0	2	0
Wenqiao	cand-3e7305c2344bbb96	1561	D/1561	D/1630	D/1648	D/1788	D/1784	D/1622	no	0	1	0
Type of Thing	cand-63d0abead777aa43	1566	D/1566	D/1567	D/1693	D/1630	D/1675	D/1647	yes	0	0	0
The Optimization League	cand-17525a1802137ed7	1567	D/1723	D/1684	D/1696	D/1620	D/1567	D/1710	yes	0	0	0
Idle	cand-4fb62348858c2f6f	1568	D/1568	D/1707	D/1701	D/1727	D/1749	D/1678	yes	0	3	0
Minimize	cand-5879a0f59f728fdf	1568	D/1577	D/1649	D/1612	D/1665	D/1673	D/1568	no	0	2	0
Refusal Has an Owner	cand-09c5a5cf5f8c350f	1568	D/1911	D/1833	D/1810	D/1691	D/1568	D/1851	no	0	0	0
Refuse	cand-5fde095c479bdfd9	1571	D/1571	D/1638	D/1594	D/1595	D/1580	D/1631	yes	0	3	0
Take Care	cand-a28a7fbaf26401ea	1571	D/1824	D/1755	D/1802	D/1613	D/1571	D/1823	no	5	0	0
Commons	cand-dbfaa5d6a7441260	1573	D/1712	D/1761	D/1638	D/1673	D/1573	D/1705	no	0	3	0
Metanoia	cand-d3a13c723e916e9a	1573	D/1573	D/1699	D/1573	D/1704	D/1699	D/1652	no	0	3	0
Delim	cand-c5e9a8d318fc1adb	1574	D/1574	D/1742	D/1814	D/1851	D/1896	D/1757	no	0	2	0
mod@2	cand-83375e7148e18bce	1575	D/1635	D/1575	D/1664	D/1696	D/1718	D/1585	no	0	0	0
Backoff	cand-42b6c4780790021c	1583	D/1603	D/1583	D/1694	D/1701	D/1733	D/1665	yes	0	4	0
AMP	cand-46855b3906317654	1584	D/1590	D/1597	D/1650	D/1755	D/1783	D/1584	no	0	4	0
Tietava	cand-a619d6074212f61e	1586	D/1591	D/1619	D/1631	D/1634	D/1595	D/1586	no	0	0	0
Listen	cand-6f8860eb5103a16b	1587	D/1587	D/1743	D/1724	D/1694	D/1715	D/1724	no	0	3	0
Betwixt	cand-a749cea249ac24b0	1588	D/1588	D/1589	D/1627	D/1758	D/1772	D/1607	no	0	2	0
Magic Window	cand-1e17bd556bd717bc	1588	D/1694	D/1819	D/1708	D/1647	D/1588	D/1778	yes	0	1	0
Declarable	cand-330f2d9d90e50560	1591	D/1595	D/1690	D/1668	D/1661	D/1667	D/1591	yes	0	0	0
Not a Port	cand-fc0142f6a57278cb	1591	D/1757	D/1605	D/1779	D/1594	D/1591	D/1759	no	0	0	0
Baybayu	cand-432c0feb859909d6	1592	D/1600	D/1702	D/1663	D/1640	D/1592	D/1688	no	0	0	0
Sisyphus Release	cand-897776bd2bad4786	1593	D/1605	D/1697	D/1669	D/1596	D/1593	D/1697	no	0	0	0
Contributor Cooperative	cand-e2f0154aac978a15	1594	D/1849	D/1801	D/1773	D/1689	D/1594	D/1810	no	0	0	0
Annotation Shift	cand-f0da293aa9dac027	1596	D/1767	D/1732	D/1739	D/1657	D/1596	D/1732	no	0	0	0
Calculus	cand-4e3214e5a7e0ca95	1598	D/1598	D/1760	D/1690	D/1729	D/1773	D/1661	no	0	4	0
Midrashu	cand-406413988b1be5a6	1599	D/1599	D/1750	D/1700	D/1674	D/1676	D/1754	no	0	0	0
Audit	cand-b81f37a043a6f767	1602	D/1754	D/1602	D/1722	D/1764	D/1793	D/1641	no	0	4	0
Guard	cand-a9d4034da07d8ef3	1604	D/1604	D/1663	D/1624	D/1649	D/1695	D/1658	yes	0	4	0
Who Governs the Optimizer?	cand-1da009949b6392e7	1606	D/1871	D/1771	D/1803	D/1681	D/1606	D/1832	no	0	0	0
Built Paths for Language Programs	cand-969db0261537cd7d	1607	D/1844	D/1607	D/1758	D/1765	D/1747	D/1692	no	0	0	0
Maintainer	cand-9c5646b582f10531	1607	D/1607	D/1685	D/1727	D/1761	D/1790	D/1718	no	0	1	0
Bayes	cand-110f945a922bccbd	1609	D/1617	D/1706	D/1654	D/1702	D/1746	D/1609	yes	0	3	0
Ken	cand-78e0b1fdb55ecbc6	1609	D/1609	D/1655	D/1639	D/1686	D/1687	D/1673	no	0	3	0
Again/From	cand-ebf56a0ae4476c2d	1610	D/1750	D/1610	D/1673	D/1697	D/1656	D/1648	yes	0	0	0
CHOR	cand-71477a1f60ce035e	1611	D/1689	D/1678	D/1691	D/1810	D/1794	D/1611	no	0	1	0
Contributor Terms	cand-0a896e9100b8f335	1611	D/1752	D/1739	D/1751	D/1672	D/1611	D/1733	no	0	0	0
Extractor	cand-7488d73850bf2009	1612	D/1658	D/1616	D/1740	D/1763	D/1831	D/1612	no	5	4	0
Do Not Call It Autonomous	cand-0e150e7632b234e6	1613	D/1867	D/1722	D/1826	D/1669	D/1613	D/1815	no	6	0	0
Alkahest	cand-1a76efeec7b02219	1614	D/1614	D/1821	D/1709	D/1771	D/1761	D/1770	yes	0	3	0
Open Table	cand-a09032eb324a188d	1614	D/1632	D/1627	D/1675	D/1690	D/1705	D/1614	yes	0	0	0
Prediction Set	cand-96206ada3ce4ddc2	1614	D/1697	D/1691	D/1707	D/1614	D/1627	D/1670	no	0	0	0
Uncertainty Is Output	cand-3ef0777e341f9dab	1614	D/1862	D/1788	D/1808	D/1668	D/1614	D/1837	no	0	0	0
Share	cand-c3bc45ac352fe43f	1616	D/1616	D/1671	D/1680	D/1718	D/1729	D/1643	no	0	3	0
Pipeline	cand-23bf0d244a4cb62c	1619	D/1619	D/1716	D/1833	D/1843	D/1897	D/1740	no	0	4	0
Ask Before Acting	cand-a35ef687e4cc4790	1621	D/1966	D/1926	D/1885	D/1744	D/1621	D/1931	no	0	0	0
Answer For	cand-208a8caf403f8f1d	1622	D/1954	D/1893	D/1851	D/1756	D/1622	D/1901	yes	0	0	0
Replicate	cand-b23b068c8142639b	1622	D/1622	D/1715	D/1717	D/1779	D/1822	D/1714	no	0	4	0
CONTRACT.NULL	cand-2856cfd289070b90	1624	D/1745	D/1624	D/1651	D/1683	D/1664	D/1624	no	0	0	0
License Split	cand-efa09bc9acdfc28c	1625	D/1736	D/1827	D/1780	D/1667	D/1625	D/1762	no	0	0	0
Maybe Monad	cand-ef9db934556c01e4	1625	D/1679	D/1848	D/1785	D/1625	D/1633	D/1828	yes	0	0	0
BNP	cand-4b7d8a710be7f36d	1627	D/1627	D/1823	D/1817	D/1936	D/1953	D/1780	yes	0	0	0
OID	cand-68c55cdc265db5eb	1628	D/1628	D/1717	D/1790	D/1866	D/1895	D/1701	no	0	2	0
RIGOR	cand-135cd84753001a8a	1630	D/1630	D/1797	D/1725	D/1734	D/1776	D/1756	yes	0	3	0
BNS	cand-98f04ba589b516c7	1631	D/1631	D/1747	D/1830	D/1929	D/1954	D/1743	yes	0	1	0
Natural Transformation	cand-57654698e48f4366	1632	D/1782	D/1741	D/1686	D/1693	D/1632	D/1721	no	0	0	0
Transducer	cand-e518594c00434d32	1633	D/1633	D/1686	D/1699	D/1778	D/1785	D/1653	no	0	3	0
otp://loop	cand-58c8e49814456eba	1634	D/1634	D/1670	D/1760	D/1794	D/1817	D/1768	yes	0	0	0
Kaitiaki	cand-d182a18c0ef61fcb	1635	D/1676	D/1778	D/1702	D/1684	D/1635	D/1744	no	0	0	0
LAB	cand-a51146d38077ff99	1637	D/1637	D/1746	D/1750	D/1824	D/1849	D/1708	no	0	4	0
Anuvaka	cand-36dee818a80597a7	1640	D/1640	D/1759	D/1719	D/1714	D/1691	D/1725	no	0	0	0
Shared Work	cand-3370271329372485	1641	D/1710	D/1647	D/1714	D/1675	D/1641	D/1663	no	0	0	0
Threadless	cand-7f2e3aa2f8d5a4df	1641	D/1641	D/1839	D/1792	D/1707	D/1723	D/1819	no	0	1	0
Aeua	cand-59d2383f63fff4b3	1642	D/1793	D/1712	D/1720	D/1832	D/1780	D/1642	yes	0	0	0
Orenda	cand-cb83d09af7462bfc	1642	D/1642	D/1812	D/1711	D/1751	D/1760	D/1783	no	0	1	0
T+N	cand-193d984cc43c234c	1642	D/1769	D/1642	D/1688	D/1774	D/1742	D/1677	yes	0	0	0
BloopDeck	cand-3079dcf917e923f2	1643	D/1683	D/1772	D/1756	D/1643	D/1648	D/1760	no	0	0	0
Bilgeli	cand-719857d1c9b04672	1644	D/1665	D/1726	D/1666	D/1685	D/1644	D/1689	no	0	0	0
That's Not a Bot	cand-93ef24d6091466c5	1644	D/1747	D/1710	D/1770	D/1644	D/1674	D/1835	no	0	0	0
Built World, Shared Routes	cand-9c52d670ab98354c	1646	D/1891	D/1767	D/1752	D/1748	D/1646	D/1779	yes	0	0	0
MESH	cand-d30ca7a7a32bf577	1646	D/1646	D/1762	D/1734	D/1777	D/1774	D/1745	no	0	4	0
A Theory of Revisable Programs	cand-d828550c012595b8	1647	D/1843	D/1667	D/1744	D/1671	D/1647	D/1723	no	0	0	0
Meet	cand-8ccb033c0e48b27f	1647	D/1647	D/1733	D/1776	D/1795	D/1816	D/1738	no	0	3	0
The Supervisors' Playground	cand-2cf15de11b11f7cd	1648	D/1648	D/1701	D/1746	D/1692	D/1704	D/1798	yes	0	0	0
Neighboring Systems Bridge	cand-52d3db64be551108	1650	D/1902	D/1650	D/1781	D/1812	D/1787	D/1690	yes	0	0	0
The Artifact Optimization Thesis	cand-bc2eed495f6d0032	1652	D/1861	D/1657	D/1723	D/1716	D/1652	D/1681	no	0	0	0
Civic Infrastructure for Programs	cand-bda9fe92bc3e8f25	1653	D/1876	D/1653	D/1757	D/1854	D/1823	D/1668	yes	0	0	0
Safraqa	cand-609471fc11036996	1655	D/1700	D/1700	D/1670	D/1706	D/1666	D/1655	yes	0	0	0
Prometheus Ledger	cand-93acf63c3de05179	1656	D/1685	D/1751	D/1656	D/1670	D/1677	D/1703	yes	0	0	0
Qoa	cand-25f17f5c55596775	1657	D/1785	D/1734	D/1730	D/1909	D/1880	D/1657	yes	0	2	0
Scriptorium	cand-5034db86fa9f2d38	1657	D/1719	D/1696	D/1657	D/1775	D/1766	D/1706	no	0	3	0
TLP	cand-d8ace8fa5d44c96d	1657	D/1657	D/1687	D/1761	D/1863	D/1893	D/1672	no	0	2	0
T+1	cand-628b49d96dcde97a	1658	D/1811	D/1658	D/1689	D/1698	D/1658	D/1699	no	0	0	0
Bzzort	cand-3220bbfa732fe93c	1660	D/1699	D/1689	D/1682	D/1703	D/1660	D/1680	no	6	0	0
Make It Clear	cand-ac079d37238dc8f0	1661	D/1671	D/1661	D/1741	D/1708	D/1752	D/1741	no	0	0	0
Department of Textual Improvement	cand-ab0fcce7daf9bcc5	1662	D/1957	D/1912	D/1871	D/1750	D/1662	D/1925	no	0	0	0
Fisher	cand-827961b48d1f730d	1663	D/1663	D/1791	D/1736	D/1752	D/1788	D/1774	yes	0	3	0
Warehouse for Programs	cand-c63641af88c9bc86	1663	D/1882	D/1774	D/1805	D/1709	D/1663	D/1794	no	0	0	0
/dev/maybe	cand-1f67bbcba5900e1e	1664	D/1664	D/1703	D/1747	D/1770	D/1796	D/1767	yes	0	0	0
Sensitivity Analysis	cand-07ae36d9bbfd481d	1664	D/1830	D/1675	D/1763	D/1844	D/1854	D/1664	yes	0	1	0
Kavanah	cand-25f9d5cb4b0e2f8e	1666	D/1666	D/1735	D/1704	D/1700	D/1684	D/1717	no	0	0	0
LCP	cand-03e07ab3d8d98adf	1672	D/1672	D/1727	D/1794	D/1910	D/1922	D/1685	no	0	3	0
Lineage Is Not Consent	cand-e7a49ff631029dba	1672	D/1971	D/1873	D/1901	D/1791	D/1672	D/1910	no	6	0	0
Props	cand-b264807709578e5c	1674	D/1674	D/1776	D/1766	D/1804	D/1813	D/1769	no	0	3	0
Control Room	cand-ae7f8230ef97e2f1	1678	D/1678	D/1838	D/1778	D/1695	D/1732	D/1790	yes	0	0	0
KAIROS	cand-752115f45427e30c	1678	D/1714	D/1724	D/1678	D/1811	D/1798	D/1695	no	0	4	0
Écoute	cand-581b69214f1116f2	1680	D/1827	D/1756	D/1754	D/1735	D/1680	D/1775	no	0	0	0
NPR	cand-e39d09a79f5f5dd8	1681	D/1681	D/1729	D/1797	D/1900	D/1929	D/1715	no	0	3	0
Answer the Objection	cand-c5d076142111849b	1682	D/1857	D/1835	D/1820	D/1717	D/1682	D/1850	yes	0	0	0
Reed	cand-d8252e5d78f9b929	1682	D/1682	D/1744	D/1729	D/1730	D/1726	D/1702	yes	0	4	0
Choose No Center	cand-e856a9a8b29fd65e	1683	D/1936	D/1854	D/1828	D/1802	D/1683	D/1854	no	0	0	0
Tool Call	cand-5a4a75ef10bb1158	1684	D/1684	D/1773	D/1868	D/1805	D/1851	D/1787	no	0	0	0
Coach's Whistle	cand-18e58f8783ad2ef0	1685	D/1909	D/1867	D/1841	D/1745	D/1685	D/1888	no	0	0	0
Shakti	cand-b04b772684714a6d	1685	D/1758	D/1810	D/1685	D/1757	D/1725	D/1758	no	0	2	0
Spec	cand-d4f02eaafd1a9e9d	1688	D/1688	D/1837	D/1908	D/1894	D/1949	D/1842	no	6	4	0
Source Dividend	cand-ccb5b0fdabfcd700	1690	D/1751	D/1868	D/1809	D/1713	D/1690	D/1841	no	0	0	0
Shirabe	cand-4b53eb3a48af930a	1692	D/1692	D/1766	D/1738	D/1868	D/1871	D/1737	no	0	3	0
Terpsichore Score	cand-b077400e4e620913	1692	D/1740	D/1692	D/1733	D/1749	D/1740	D/1719	no	0	0	0
xNoProof	cand-a8a6ddd41ca8b27b	1694	D/1732	D/1694	D/1782	D/1806	D/1814	D/1694	no	0	0	0
ECHO	cand-092c79e8f80e559e	1695	D/1695	D/1768	D/1753	D/1776	D/1805	D/1755	no	0	4	0
Sell the Boundary	cand-9704d85d72b0451f	1698	D/1943	D/1897	D/1855	D/1780	D/1698	D/1906	yes	0	0	0
Try Again	cand-f1cd3f780dcf90c4	1698	D/1716	D/1698	D/1771	D/1743	D/1763	D/1782	no	0	1	0
Zzua	cand-75807dfd88da6ca5	1698	D/1762	D/1754	D/1732	D/1825	D/1781	D/1698	yes	0	0	0
Grand Telos	cand-8926b0889076a41a	1702	D/1780	D/1859	D/1796	D/1731	D/1702	D/1834	yes	0	0	0
Hephaestus	cand-9776c6b12201eb18	1703	D/1776	D/1725	D/1703	D/1823	D/1809	D/1734	no	0	3	0
Own the Call	cand-739412b535f1592a	1703	D/1907	D/1805	D/1860	D/1739	D/1703	D/1860	no	0	0	0
Ollinra	cand-4b56fcae6662362e	1706	D/1706	D/1803	D/1735	D/1768	D/1736	D/1772	yes	0	0	0
The Program Revision Institute	cand-39696d7ad49c11cf	1706	D/1886	D/1811	D/1777	D/1741	D/1706	D/1805	no	0	0	0
One House	cand-a7f0c90b4f7afb3d	1707	D/1845	D/1886	D/1813	D/1762	D/1707	D/1816	yes	0	0	0
Close the Door	cand-3559b642b0bcd8a1	1708	D/1899	D/1872	D/1856	D/1753	D/1708	D/1907	no	0	0	0
Provider Access Is External	cand-1774d98ed7b55d25	1708	D/1938	D/1708	D/1899	D/1873	D/1869	D/1781	no	0	0	0
Chikachika-chik	cand-20b0a4909ebd98ec	1709	D/1817	D/1785	D/1772	D/1766	D/1709	D/1814	no	6	0	0
Foundation for Measured Language	cand-a419607217ba3f4f	1710	D/1908	D/1789	D/1795	D/1773	D/1710	D/1785	yes	0	0	0
Legacyswarm	cand-05e12787cd5826f0	1711	D/1820	D/1843	D/1784	D/1769	D/1711	D/1801	no	0	0	0
Taliesin	cand-2732a22be6f27634	1711	D/1728	D/1752	D/1718	D/1797	D/1769	D/1711	no	0	1	0
Module Transport	cand-31954349480fa005	1713	D/1713	D/1758	D/1791	D/1738	D/1755	D/1753	no	0	0	0
The Ministry of Revision	cand-6735164e1116cea3	1714	D/1960	D/1924	D/1873	D/1801	D/1714	D/1929	no	0	0	0
Buffer	cand-d0ca8c2ac0dab879	1715	D/1715	D/1721	D/1800	D/1808	D/1838	D/1748	no	0	4	0
P/1	cand-f64551fcd6f07823	1718	D/1718	D/1738	D/1804	D/1887	D/1902	D/1791	no	0	1	0
Bayes-Adjacency	cand-e256c443e591b30a	1719	D/1840	D/1828	D/1798	D/1746	D/1719	D/1817	no	0	0	0
Guaranteed Descent	cand-ab4bc1f3361b218f	1719	D/1779	D/1877	D/1822	D/1719	D/1750	D/1852	no	0	0	0
RUNE	cand-dcd69bed70a827d5	1720	D/1720	D/1865	D/1783	D/1817	D/1810	D/1821	yes	0	4	0
Yachay	cand-cda4eef32f26f0d8	1721	D/1721	D/1807	D/1731	D/1839	D/1833	D/1763	no	0	1	0
Build the Anti-Agent	cand-3d34a73874dcbc42	1722	D/1870	D/1815	D/1847	D/1722	D/1730	D/1884	yes	0	0	0
Fellowship	cand-1c4f8dc45ce111fe	1725	D/1725	D/1775	D/1748	D/1740	D/1739	D/1750	no	0	3	0
Supply Chain Voice	cand-814325e561e36da3	1727	D/1872	D/1857	D/1835	D/1782	D/1727	D/1847	no	0	0	0
CMP	cand-c614281386cda888	1730	D/1773	D/1736	D/1824	D/1916	D/1933	D/1730	no	0	4	0
Nope.Compiler	cand-e3a7751314f6ddb3	1730	D/1730	D/1830	D/1834	D/1737	D/1757	D/1861	yes	0	0	0
Tinkuy	cand-32903e8ccab0e119	1731	D/1731	D/1809	D/1749	D/1840	D/1840	D/1788	yes	0	1	0
Sacred API	cand-ccfcc1b60b8dbf56	1733	D/1778	D/1892	D/1818	D/1733	D/1744	D/1856	yes	0	0	0
Saraswati	cand-d6a528ea885b3331	1733	D/1733	D/1841	D/1743	D/1821	D/1824	D/1808	no	0	2	0
Make the Program Speak	cand-aea29bee17fd247b	1734	D/1928	D/1887	D/1905	D/1767	D/1734	D/1935	no	0	0	0
Kzrt	cand-3d34a2c11f4036f1	1735	D/1847	D/1799	D/1789	D/1907	D/1862	D/1735	yes	0	0	0
The Not-Quite Foundation	cand-f6f73c7a00ff57ea	1735	D/1958	D/1879	D/1912	D/1798	D/1735	D/1924	no	0	0	0
Soft Claim	cand-8a1ab04a9132ddc7	1737	D/1814	D/1836	D/1832	D/1754	D/1737	D/1833	yes	0	0	0
Work in Progress	cand-769bfb8f5c9bbd0b	1738	D/1738	D/1757	D/1888	D/1838	D/1885	D/1864	no	0	0	0
CAL	cand-f28c5d59eb1307e8	1739	D/1739	D/1832	D/1840	D/1905	D/1914	D/1809	no	0	3	0
IRR	cand-8ce1249e693f6a1c	1741	D/1741	D/1764	D/1843	D/1915	D/1940	D/1773	no	0	2	0
ACP	cand-f776fd61b1a82d65	1743	D/1743	D/1804	D/1815	D/1914	D/1924	D/1752	no	0	3	0
Zzzeta	cand-bce68e9bf4602456	1745	D/1770	D/1816	D/1755	D/1781	D/1745	D/1771	yes	5	0	0
Milpaqa	cand-6ead8aa8c2180de5	1748	D/1802	D/1820	D/1786	D/1783	D/1748	D/1806	no	0	0	0
PROGRAM^N	cand-8a10c6cb0c11a554	1748	D/1806	D/1748	D/1799	D/1827	D/1837	D/1796	no	0	0	0
Brrn	cand-84efd40df020bd66	1749	D/1786	D/1770	D/1775	D/1822	D/1804	D/1749	yes	0	0	0
Enough	cand-6f6465f9dd068585	1749	D/1749	D/1802	D/1767	D/1784	D/1778	D/1786	yes	0	4	0
The Steward's Game	cand-0a12b18eb3bd477b	1751	D/1894	D/1845	D/1825	D/1814	D/1751	D/1875	yes	0	0	0
No Council Ships Here	cand-6e8bee8eb240c444	1754	D/1952	D/1849	D/1914	D/1813	D/1754	D/1891	no	0	0	0
Learn by Doing	cand-2022b305655d92a4	1756	D/1865	D/1784	D/1831	D/1772	D/1756	D/1824	no	0	0	0
Worker-Controlled Evaluation	cand-92690d72d2f67c31	1758	D/1898	D/1763	D/1806	D/1792	D/1758	D/1765	no	0	0	0
@later	cand-1d9283d848ea941a	1759	D/1823	D/1787	D/1759	D/1884	D/1868	D/1777	yes	0	3	0
Ayniqa	cand-9d0d05997727c1bd	1759	D/1781	D/1813	D/1769	D/1786	D/1759	D/1799	no	0	0	0
Imperial Scoreworks	cand-8424716397729491	1760	D/1774	D/1831	D/1807	D/1760	D/1799	D/1825	no	0	0	0
The Workshop Model of Optimization	cand-6f2af5d676422f08	1765	D/1926	D/1765	D/1869	D/1837	D/1835	D/1826	yes	0	0	0
Program Notes for LM Systems	cand-97ce31aee4a64fb8	1768	D/1896	D/1817	D/1864	D/1799	D/1768	D/1857	no	0	0	0
1:1 Restart	cand-813f5ca30b05cf41	1771	D/1771	D/1796	D/1845	D/1849	D/1857	D/1886	yes	0	0	0
HARK	cand-245f1e177c5169cb	1772	D/1772	D/1920	D/1858	D/1857	D/1863	D/1903	yes	0	3	0
Mnemosyne	cand-9cad66723ea7e3c9	1774	D/1808	D/1790	D/1774	D/1876	D/1873	D/1812	no	0	4	0
Bauhaus	cand-e4cb3b7ff5a4b388	1775	D/1775	D/1875	D/1811	D/1793	D/1802	D/1853	yes	0	2	0
MAYBE/STOP	cand-56dfaaf60780ccda	1775	D/1947	D/1824	D/1850	D/1820	D/1775	D/1858	yes	0	0	0
Anhalten	cand-5dd06aba51ce0bf8	1776	D/1795	D/1793	D/1788	D/1836	D/1819	D/1776	yes	0	0	0
S->P	cand-be18b85f77fc024d	1777	D/1855	D/1777	D/1848	D/1930	D/1931	D/1820	no	0	0	0
The Queue	cand-93129036e85493e1	1777	D/1838	D/1840	D/1849	D/1796	D/1777	D/1844	yes	6	0	0
Weather	cand-e5e72beb4e3c6926	1777	D/1777	D/1806	D/1793	D/1803	D/1800	D/1793	no	0	4	0
Sample	cand-af2bdbe1aa9b6ec1	1779	D/1829	D/1779	D/1852	D/1904	D/1900	D/1803	no	0	4	0
The Scorekeepers' Union	cand-557c4c80884d8cf3	1779	D/1924	D/1880	D/1866	D/1826	D/1779	D/1908	no	0	0	0
Do Not Become the SDK	cand-c488f139c8dc400b	1781	D/1903	D/1781	D/1870	D/1815	D/1812	D/1845	no	0	0	0
Read Aloud	cand-3c86215ac968c638	1782	D/1836	D/1850	D/1861	D/1785	D/1782	D/1868	no	0	1	0
Brake	cand-876797249822df52	1783	D/1783	D/1866	D/1867	D/1895	D/1901	D/1862	yes	0	2	0
Blocking	cand-5a9cf40c7b2a1649	1784	D/1821	D/1826	D/1812	D/1818	D/1815	D/1784	no	0	3	0
Oracle Runtime	cand-b4389e52edc7dd72	1784	D/1784	D/1910	D/1878	D/1888	D/1920	D/1874	yes	0	0	0
Artifactory	cand-ba20768a02ee5327	1787	D/1839	D/1861	D/1787	D/1853	D/1841	D/1800	yes	0	3	0
Crown the Empty Set	cand-7c0746a2d20819e6	1789	D/1929	D/1922	D/1894	D/1842	D/1789	D/1917	yes	0	0	0
TLM/01	cand-acccea3f0033f855	1789	D/1869	D/1814	D/1816	D/1879	D/1845	D/1789	yes	0	0	0
Public Works	cand-55aba6e2f58268f7	1790	D/1797	D/1889	D/1836	D/1790	D/1808	D/1865	no	0	0	0
N+1 Child	cand-c9e56998f16060a1	1791	D/1803	D/1856	D/1823	D/1809	D/1791	D/1872	yes	0	0	0
run://stack	cand-143d46175d9246ae	1792	D/1858	D/1792	D/1829	D/1872	D/1867	D/1802	no	0	0	0
Trnslate	cand-6bd9e231d045f94e	1792	D/1810	D/1800	D/1854	D/1883	D/1887	D/1792	no	0	0	0
MTP	cand-43f35574ebfbced9	1795	D/1815	D/1844	D/1882	D/1950	D/1960	D/1795	no	0	3	0
ns::route	cand-927f61ca7e676b98	1795	D/1904	D/1795	D/1862	D/1927	D/1910	D/1807	yes	0	0	0
QCP	cand-0bb8ed5430c33b73	1796	D/1796	D/1846	D/1890	D/1942	D/1955	D/1818	yes	0	3	0
Paternalist	cand-20f3ae747ddad73d	1797	D/1850	D/1936	D/1896	D/1807	D/1797	D/1916	yes	0	0	0
[input]->[maybe]	cand-24fbe2c5d71d507a	1798	D/1875	D/1798	D/1874	D/1911	D/1913	D/1843	yes	0	0	0
DSPy for Elixir	cand-e0a30512ba68d67d	1799	D/1799	D/1871	D/1900	D/1830	D/1878	D/1883	no	0	0	0
Command the Model	cand-c9ccfe75f9251c69	1800	D/1884	D/1900	D/1897	D/1800	D/1825	D/1902	no	0	0	0
Harvestor	cand-ee573176440e2cb8	1800	D/1800	D/1902	D/1902	D/1865	D/1889	D/1878	yes	0	1	0
Constrain	cand-91d2d7aa4a277bc7	1801	D/1801	D/1929	D/1918	D/1913	D/1935	D/1911	no	0	2	0
Unattended	cand-e7aca966c5ce281d	1801	D/1906	D/1916	D/1892	D/1833	D/1801	D/1900	no	0	0	0
CUSTODY/0	cand-6acd6ab368f66dbf	1804	D/1804	D/1885	D/1865	D/1846	D/1847	D/1899	no	0	0	0
Sabha	cand-2c3cc00e836a1819	1805	D/1805	D/1908	D/1853	D/1860	D/1859	D/1887	yes	0	1	0
Ruachiq	cand-803470954c383889	1806	D/1852	D/1901	D/1839	D/1834	D/1806	D/1859	yes	0	0	0
Custos	cand-3f125a3e36bc5ae9	1807	D/1807	D/1915	D/1881	D/1924	D/1927	D/1876	no	0	3	0
UNWARRANTED/0	cand-30f748a2b86ba51d	1808	D/1879	D/1808	D/1863	D/1908	D/1882	D/1831	yes	6	0	0
Ujamaa	cand-279a48bf7d4bf8b4	1811	D/1818	D/1890	D/1821	D/1831	D/1811	D/1855	no	0	0	0
CCP	cand-0afd7c65e655ce13	1813	D/1819	D/1842	D/1884	D/1965	D/1978	D/1813	no	0	3	0
Grid	cand-0f2a693e93e2ed70	1813	D/1813	D/1898	D/1916	D/1903	D/1925	D/1885	no	0	4	0
Bench	cand-1b32c28cb38c0548	1818	D/1851	D/1818	D/1819	D/1828	D/1828	D/1846	no	0	4	0
Stoa Poikile	cand-855f2c3079c90084	1818	D/1918	D/1855	D/1844	D/1862	D/1818	D/1838	no	0	0	0
RAIL	cand-fdf0d7533af5b16d	1822	D/1822	D/1888	D/1872	D/1864	D/1875	D/1873	no	0	4	0
RCP	cand-e5298cd1c58d3341	1822	D/1841	D/1863	D/1880	D/1952	D/1958	D/1822	no	0	3	0
RENT/1	cand-7f3dfa4a1dff45cf	1822	D/1834	D/1822	D/1846	D/1848	D/1836	D/1863	no	0	0	0
Stack	cand-6ee08e6eb3bc6f45	1825	D/1825	D/1882	D/1931	D/1902	D/1952	D/1881	no	6	3	0
t~t	cand-0e07cf830957701d	1825	D/1873	D/1825	D/1827	D/1899	D/1864	D/1829	yes	0	0	0
Mīzān	cand-28ad59b3781e311d	1826	D/1826	D/1860	D/1842	D/1881	D/1888	D/1877	yes	0	2	0
SCP	cand-a4a6172074384f94	1827	D/1832	D/1851	D/1898	D/1962	D/1973	D/1827	no	0	3	0
Type of Helper	cand-9253cfb8e3ea278f	1827	D/1913	D/1906	D/1907	D/1852	D/1827	D/1912	no	0	0	0
A Brand Is Not a Spec	cand-bef22028583a8fa0	1830	D/1973	D/1934	D/1949	D/1858	D/1830	D/1958	no	0	0	0
Protocol	cand-2ea88c7a30351b12	1830	D/1860	D/1852	D/1876	D/1893	D/1906	D/1830	no	0	3	0
Procrustes	cand-10a086525ba81e3a	1831	D/1831	D/1935	D/1877	D/1906	D/1894	D/1897	no	0	2	0
DSEx.Command	cand-a00826cbbc6f527f	1833	D/1833	D/1917	D/1891	D/1859	D/1853	D/1870	no	0	0	0
COMPOSE++	cand-db669af634b75c7f	1834	D/1848	D/1834	D/1837	D/1939	D/1939	D/1839	no	0	3	0
Neyman-Pearson	cand-9ca8a080ba02a999	1834	D/1932	D/1870	D/1889	D/1835	D/1834	D/1880	no	0	0	0
Theorem	cand-cc7a8a13032ef578	1835	D/1835	D/1944	D/1886	D/1850	D/1844	D/1919	no	0	1	0
CAP	cand-45e84635bc4803c5	1837	D/1837	D/1896	D/1906	D/1928	D/1930	D/1869	yes	0	3	0
0th	cand-52a62f75e5b83b91	1838	D/1941	D/1847	D/1838	D/1898	D/1843	D/1867	yes	0	0	0
Sigil	cand-9fbc76b5aa5a9b79	1839	D/1880	D/1904	D/1859	D/1861	D/1839	D/1918	no	0	4	0
Program Synthesis	cand-248bf90ea8fc606b	1841	D/1863	D/1883	D/1857	D/1841	D/1848	D/1848	no	0	1	0
Fwiffle-fwiffle	cand-12e931fb6f7f5048	1842	D/1927	D/1911	D/1904	D/1878	D/1842	D/1927	no	0	0	0
Scripture	cand-abf2fe03b8972cae	1842	D/1842	D/1933	D/1911	D/1917	D/1928	D/1915	no	0	3	0
CNP	cand-d3eb4c0e0f9ddaba	1846	D/1846	D/1907	D/1921	D/1970	D/1982	D/1879	no	0	3	0
Proof-Carrying Prompt	cand-22e7ab25743ee15c	1847	D/1890	D/1927	D/1924	D/1847	D/1858	D/1937	no	0	0	0
Ghrm	cand-03dc063c426c1509	1849	D/1889	D/1874	D/1879	D/1955	D/1941	D/1849	yes	0	1	0
Every Artifact Forever	cand-045e6a936f95215d	1850	E/1988	E/1998	E/1980	D/1890	D/1850	E/2003	yes	0	0	0
Office of Program Assurance	cand-3d34e75dffb2d5f2	1852	E/1976	D/1938	D/1923	D/1885	D/1852	D/1933	no	0	0	0
%%NoPort	cand-4ac4f4a07860ebfc	1853	D/1910	D/1853	D/1939	D/1976	D/1985	D/1893	no	0	1	0
Tikanga	cand-ca43b89338d4b375	1853	D/1853	D/1948	D/1928	D/1875	D/1883	D/1947	yes	0	0	0
Ma	cand-3c44c3e1b8b78447	1854	D/1854	D/1884	D/1895	D/1931	D/1923	D/1909	yes	0	3	0
CreedForge	cand-9f678e946c83ec5c	1855	D/1887	D/1945	D/1936	D/1855	D/1861	D/1928	yes	0	0	0
The Example Thing	cand-0fb1264d3f802df3	1855	D/1881	D/1903	D/1926	D/1856	D/1855	D/1923	no	0	0	0
A Trace Is Not Redress	cand-242088e995e0d159	1856	E/1975	D/1869	D/1954	D/1877	D/1856	D/1934	no	6	0	0
Objective Metric	cand-f1ff1f18ed18e5c2	1856	D/1856	D/1881	D/1909	D/1880	D/1908	D/1882	yes	0	0	0
Codex	cand-57de4cf40144bdf7	1859	D/1859	D/1894	D/1903	D/1912	D/1937	D/1889	no	0	4	0
p//p	cand-d53315bea08cec50	1862	D/1922	D/1862	D/1883	D/1945	D/1921	D/1871	yes	0	0	0
::again	cand-b4c9e14061c2fd45	1864	D/1923	D/1864	D/1887	D/1953	D/1945	D/1904	yes	0	4	0
Naskh	cand-1957fe97facb19ed	1864	D/1864	D/1909	D/1915	D/1869	D/1874	D/1896	no	0	0	0
Lineagency	cand-dc9df64c9635209e	1865	D/1901	D/1961	D/1932	D/1891	D/1865	D/1945	no	0	0	0
ARQ	cand-6da8db4a549f0289	1866	D/1866	D/1923	D/1927	D/1961	D/1968	D/1898	yes	0	4	0
The Sovereign Runtime	cand-753f40ebd8b85965	1866	D/1951	D/1946	D/1940	D/1874	D/1866	D/1950	no	0	0	0
Xae	cand-80c38a85294bf722	1866	D/1893	D/1914	D/1893	D/1980	D/1966	D/1866	yes	0	1	0
SORP	cand-549a22b1ec0ef487	1868	D/1868	D/1932	D/1942	D/1933	D/1936	D/1921	yes	0	1	0
Autonomous Scientist	cand-24cbc169c7769f90	1870	D/1945	D/1960	D/1946	D/1870	D/1879	D/1953	no	0	0	0
C+1	cand-d0f631ca1ddba8db	1870	D/1937	D/1876	D/1875	D/1892	D/1870	D/1894	no	0	0	0
Virality Engine	cand-b7aac104476fb6fe	1871	D/1892	D/1952	D/1933	D/1871	D/1876	D/1941	no	0	0	0
Murmur	cand-6200f53485b68397	1874	D/1874	D/1942	D/1910	D/1919	D/1905	D/1930	yes	0	4	0
Domesticator	cand-63f6ed0da40529c3	1877	D/1888	D/1969	D/1948	D/1882	D/1877	D/1954	no	0	0	0
Ase	cand-2b9c15eb89efe0e0	1878	D/1878	D/1950	D/1937	D/1986	E/1990	D/1943	no	0	3	0
Keep the Port Unofficial	cand-592c44c87fc0ef09	1878	D/1949	D/1878	D/1958	D/1920	D/1916	D/1949	no	0	0	0
Agora	cand-f7070d57bbe5496e	1883	D/1883	D/1937	D/1920	D/1946	D/1948	D/1905	no	0	4	0
Darwinian Promptworks	cand-80042fa930048ae2	1884	D/1962	D/1965	D/1947	D/1897	D/1884	D/1964	no	0	0	0
Official Review	cand-990e8bc9f66fc0d9	1885	D/1885	D/1953	D/1941	D/1886	D/1899	D/1948	no	0	0	0
Stage Left, Compile Right	cand-c08a8ecbfcc16bef	1886	D/1970	D/1954	D/1959	D/1896	D/1886	E/1981	no	0	0	0
Confidence Interval	cand-7ef48a66c48b3299	1889	D/1953	D/1919	D/1922	D/1889	D/1890	D/1920	yes	0	0	0
PVR	cand-c1bdbe82f68f4ccb	1890	D/1895	D/1895	D/1951	D/1966	D/1974	D/1890	no	0	0	0
Eval.	cand-1bbd174404efbce9	1891	D/1942	D/1891	D/1975	E/1997	E/2014	D/1946	no	0	4	0
The Canonical Optimizer	cand-84aff263b99570cb	1891	D/1956	D/1967	D/1945	D/1901	D/1891	D/1955	yes	0	0	0
No Appeal Channel	cand-c5472a49a7662e35	1892	E/1995	D/1975	E/1979	D/1926	D/1892	E/1984	no	0	0	0
Ouo	cand-60a4bafa9acd6c44	1892	D/1931	D/1928	D/1913	D/1991	D/1979	D/1892	yes	0	2	0
MEP	cand-2be4993d4fecf2e4	1895	D/1917	D/1921	D/1943	D/1964	D/1972	D/1895	no	0	2	0
DSEx.*	cand-a890d0597472b5b4	1897	D/1897	D/1941	D/1963	D/1969	D/1984	D/1962	no	0	0	0
Let Bad Names Through	cand-79ab67035ec6f97c	1898	E/1985	E/1978	D/1969	D/1938	D/1898	E/1985	no	0	0	0
E/2	cand-ac0f09c0f8bf5e7a	1899	D/1934	D/1899	D/1919	D/1937	D/1919	D/1914	no	0	0	0
The Library Is Not the Institute	cand-2c82b3a015c89eab	1903	E/1981	D/1930	D/1957	D/1932	D/1903	D/1959	yes	0	0	0
Queue+1	cand-4f81e87338199bae	1904	D/1939	D/1913	D/1917	D/1922	D/1904	D/1913	no	0	0	0
Compilern't	cand-8de29702228ca31d	1905	D/1933	D/1905	D/1938	D/1941	D/1934	D/1936	yes	0	0	0
otp/2	cand-5198247b60aeb1fb	1905	D/1905	E/1983	E/1987	D/1988	E/1994	E/1995	yes	0	0	0
Statically Typed Thought	cand-8b039d5a9e7b0380	1909	D/1968	E/1981	D/1964	D/1925	D/1909	E/1975	no	0	0	0
The Optimizer's Cathedral	cand-7fba3ae8c95be7a6	1911	E/2002	E/2001	E/1981	D/1948	D/1911	E/2004	yes	0	0	0
Hue and Cry	cand-31892370b4a4c4d2	1912	D/1912	E/1985	D/1955	D/1921	D/1917	E/1974	no	0	0	0
Midas	cand-3a9023d5efaf19c2	1912	D/1915	D/1971	D/1930	D/1918	D/1912	D/1957	no	0	4	0
Common Sense	cand-223b65fc8f3d845f	1914	D/1914	D/1962	D/1950	D/1944	D/1950	D/1961	no	0	1	0
Care Mandate	cand-024e3091fef30769	1915	D/1969	E/1994	E/1985	D/1923	D/1915	E/1979	no	0	0	0
Tender	cand-a9eba7c405ea67a1	1916	D/1916	D/1947	D/1934	D/1934	D/1926	D/1940	no	0	4	0
::artifact	cand-c7c5c1d70c5dec44	1918	D/1964	D/1918	D/1935	E/1993	E/1992	D/1939	yes	0	4	0
SaaS Bloom	cand-78cf66d4f9bc7b5f	1918	D/1959	D/1966	D/1952	D/1940	D/1918	D/1932	yes	0	0	0
MINT	cand-dc6f17bbec824fff	1919	D/1919	D/1951	D/1944	D/1949	D/1956	D/1944	no	0	4	0
Editoria	cand-89b7b3732563f512	1920	D/1920	D/1973	D/1965	D/1959	D/1965	D/1965	no	0	1	0
Trans	cand-cbd31fe312a05a47	1921	D/1921	E/1977	D/1967	D/1972	D/1987	E/1972	no	0	4	0
Cassandra	cand-f1c6127b16ff422b	1922	D/1925	D/1925	D/1925	D/1943	D/1942	D/1922	no	0	4	0
Bnd	cand-12a4b112905df1f9	1926	D/1946	D/1940	D/1966	E/2009	E/2013	D/1926	no	0	2	0
Majlis	cand-23e49d8d7985ee1a	1929	D/1930	D/1974	D/1929	D/1957	D/1946	D/1952	yes	0	1	0
dsex.not	cand-abb0247b329495e4	1931	D/1950	D/1931	D/1960	D/1971	D/1969	D/1942	no	0	0	0
Be Careful	cand-171171b89447f352	1932	E/1999	E/1989	E/1994	D/1956	D/1932	E/1994	no	0	0	0
MCPX	cand-cec9f82ea64dad62	1935	D/1935	D/1963	D/1953	E/1994	E/1995	D/1938	no	0	3	0
OneRuntime	cand-0f1c4cdc06c79acb	1935	D/1944	E/1991	E/1990	D/1935	D/1943	E/1986	yes	0	0	0
The Universal Repertory	cand-4bc245b53249f347	1938	E/1996	E/1996	E/1978	D/1954	D/1938	E/1990	yes	0	0	0
Texture	cand-38a3c50b7c1f9635	1939	D/1948	D/1939	D/1956	D/1967	D/1971	D/1956	no	0	4	0
Ping	cand-758d61f26a444483	1940	D/1940	E/1988	D/1972	D/1960	D/1961	E/1968	yes	0	4	0
Unboundarywork	cand-4daf2b90e36cbe63	1943	E/1987	D/1943	D/1973	D/1982	D/1977	D/1966	yes	0	0	0
Truthkeeper	cand-2c40ee49303995cc	1944	E/1986	E/2004	E/1995	D/1947	D/1944	E/1991	no	0	0	0
Antikythera Loop	cand-0f492625808d0a4d	1947	D/1972	D/1970	D/1968	D/1951	D/1947	E/1969	no	0	0	0
A=>B	cand-fb8e20fc2e4c3f24	1949	E/1990	D/1949	D/1970	D/1990	D/1988	D/1963	yes	0	0	0
No Publics at the Table	cand-3f91106257420bb7	1951	E/2023	E/2002	E/2004	D/1975	D/1951	E/2011	yes	0	0	0
VVN	cand-af1bee1b4312ab0a	1951	E/1978	D/1968	E/1977	E/2016	E/2010	D/1951	yes	0	2	0
PER	cand-b427c3dec9045990	1955	D/1967	D/1955	E/1982	E/2002	E/2006	D/1960	no	0	4	0
Rag	cand-a3e690053061793b	1955	D/1955	D/1956	D/1971	D/1968	D/1976	E/1971	yes	0	4	0
BORDER?	cand-4f1a55de40bce901	1957	E/1977	D/1957	D/1962	D/1985	D/1980	E/1973	no	0	2	0
SAFE?NO	cand-03fe81db04aa2d05	1957	E/1982	D/1958	D/1961	D/1963	D/1957	E/1970	yes	0	0	0
Panopticon-0	cand-35d05718abcc8f66	1958	D/1974	E/1986	E/1992	D/1958	D/1967	E/1987	yes	0	0	0
Commons Without Consent	cand-6c2f24377aa48887	1959	E/2026	E/2003	E/2003	D/1984	D/1959	E/2008	yes	0	0	0
Unavailable: Autonomous Improvement	cand-0e5223aae6f1cbc7	1959	E/2017	D/1959	E/2001	D/1987	D/1983	E/1980	yes	0	0	0
beam@2	cand-e01e044ba1ae4a53	1961	D/1961	E/1976	E/1976	D/1974	D/1975	E/1976	no	0	0	0
Standardless Standard	cand-d6b9144ff9d26cdb	1962	E/2006	E/2008	E/1999	D/1977	D/1962	E/2010	yes	0	0	0
Commission for Correct Prompts	cand-2691ce8bf10c1d89	1963	E/2022	E/2015	E/2011	D/1978	D/1963	E/2020	no	0	0	0
FBX	cand-932153c31e61c3a1	1963	D/1963	E/1979	E/1991	E/2001	E/2003	D/1967	no	0	2	0
0xREFUSE	cand-4edeb09daf80ea03	1964	E/2005	E/1980	E/1983	D/1981	D/1964	E/1989	yes	0	0	0
call://	cand-7edb360f06acaef2	1964	E/1989	D/1964	E/1989	E/2008	E/2012	E/1982	no	0	4	0
Token	cand-3c469e9d6c5875d3	1965	D/1965	E/1987	E/1984	D/1973	D/1981	E/1978	no	0	4	0
0xTrace	cand-7b541558a8b15f15	1970	E/1998	E/1982	D/1974	D/1983	D/1970	E/1988	no	0	0	0
[then]	cand-21af6f1260f927f5	1972	E/2001	D/1972	E/1988	E/2010	E/2008	E/1977	yes	0	4	0
GEPA-Complete	cand-6ab9518647b233d2	1979	E/1979	E/1995	E/1986	D/1979	D/1986	E/1983	no	0	0	0
MVP	cand-e7949b38e6504e3b	1980	E/1980	E/2000	E/2000	E/2014	E/2016	E/1996	no	0	3	0
Interdict	cand-3397e1c8b4881fa0	1983	E/1983	E/2009	E/1998	D/1992	E/1993	E/1999	no	0	2	0
-> Maybe	cand-dcfff5eb40423f05	1984	E/1994	E/1984	E/1993	E/2013	E/2011	E/1993	yes	0	4	0
DSEx.Normal	cand-ad4ee5579a45a43c	1984	E/1984	E/2011	E/2007	E/1996	E/1999	E/2007	no	0	0	0
Citationless Bayes	cand-c7b9b3e83f15d309	1989	E/2000	E/2016	E/2005	D/1989	D/1989	E/2012	no	0	0	0
0xD5E	cand-d7889b6a07202b84	1990	E/2011	E/1990	E/2002	E/2003	E/1996	E/2000	no	0	0	0
DEX	cand-9d0fbf9349f646f1	1991	E/1991	E/1999	E/2009	E/2015	E/2017	E/1998	no	0	4	0
One True Aim	cand-e2e156f558e3aeed	1991	E/2019	E/2021	E/2018	E/1995	E/1991	E/2021	yes	0	0	0
DSEx.Claim	cand-b5d4078748bbb624	1992	E/1992	E/2005	E/2006	E/2000	E/2009	E/1992	no	0	0	0
Flow::	cand-3b21278178ed3463	1992	E/2012	E/1992	E/2008	E/2021	E/2022	E/2006	no	0	4	0
M:E	cand-2744ccd10c7533bd	1993	E/2021	E/1993	E/2010	E/2011	E/2007	E/2005	yes	0	0	0
Ubuntu	cand-7804a56a5c7636cc	1993	E/1993	E/2006	E/1996	E/1999	E/2002	E/1997	no	0	1	0
0xDECLARE	cand-4fbd2858f6109afb	1997	E/2018	E/1997	E/1997	E/2004	E/1997	E/2001	yes	0	0	0
DAE	cand-3ad5012628bd1c9d	1997	E/1997	E/2010	E/2012	E/2022	E/2025	E/2002	no	0	3	0
Terra Nullius	cand-1cb6e47cbbb5a237	1998	E/2013	E/2018	E/2015	E/1998	E/1998	E/2017	no	0	0	0
Proves Every Prompt	cand-a630737d028cf43e	2000	E/2028	E/2032	E/2027	E/2005	E/2000	E/2031	yes	0	0	0
TAB/ORDER	cand-622624b41a1d7557	2001	E/2009	E/2012	E/2013	E/2006	E/2001	E/2013	no	0	0	0
NULL	cand-74234e98afe7498f	2003	E/2003	E/2017	E/2014	E/2020	E/2020	E/2018	yes	0	3	0
>|hold	cand-e8b22d83b417e85b	2004	E/2004	E/2007	E/2016	E/2031	E/2031	E/2015	yes	0	2	0
TAKE/ALL	cand-2a093830dbcb47dc	2004	E/2020	E/2024	E/2021	E/2007	E/2004	E/2023	no	0	0	0
Do Good	cand-6478579e37aff45f	2005	E/2032	E/2036	E/2029	E/2017	E/2005	E/2033	yes	0	0	0
Proof	cand-c1cda26362828b69	2007	E/2007	E/2029	E/2022	E/2012	E/2015	E/2027	yes	0	4	0
Codedit	cand-1a7b3bed09242487	2008	E/2008	E/2022	E/2019	E/2019	E/2018	E/2016	yes	0	1	0
Tran	cand-950eceee02526899	2009	E/2010	E/2014	E/2017	E/2030	E/2030	E/2009	yes	0	3	0
Yq	cand-c156061b47b0361d	2013	E/2016	E/2013	E/2024	E/2038	E/2041	E/2014	yes	0	3	0
P2P	cand-992b18c0ecb73624	2014	E/2014	E/2023	E/2020	E/2029	E/2029	E/2019	no	0	3	0
EXTRACT/1	cand-6d2bbfee6bead16b	2015	E/2015	E/2020	E/2026	E/2018	E/2021	E/2022	no	0	0	0
://opt	cand-5f44712b7d71ded7	2019	E/2027	E/2019	E/2023	E/2034	E/2033	E/2024	yes	0	3	0
Universal Research OS	cand-d3536c24d70f3878	2019	E/2029	E/2030	E/2025	E/2023	E/2019	E/2026	yes	0	0	0
Always Safe Answers	cand-4ecaa11067f6164d	2023	E/2036	E/2041	E/2040	E/2028	E/2023	E/2042	no	0	0	0
Certainly Safe	cand-e31c5f616578e5ac	2024	E/2035	E/2043	E/2039	E/2026	E/2024	E/2040	yes	0	0	0
Official Elixir DSPy	cand-ee4dc47415149c1e	2024	E/2031	E/2033	E/2031	E/2024	E/2026	E/2030	no	0	0	0
Step/Auto	cand-8793ea4fa1e0fc3c	2024	E/2024	E/2027	E/2032	E/2025	E/2028	E/2028	yes	0	0	0
?//?	cand-9a789af2b0a97063	2025	E/2038	E/2025	E/2030	E/2037	E/2035	E/2029	yes	0	0	0
BIO/OBS	cand-8b7f34ae49e95f36	2025	E/2025	E/2026	E/2028	E/2027	E/2027	E/2025	no	0	0	0
P/V	cand-0717031b935f131e	2028	E/2039	E/2028	E/2035	E/2036	E/2037	E/2032	yes	0	0	0
Thing	cand-5de94d691ae3039a	2030	E/2030	E/2037	E/2034	E/2033	E/2034	E/2035	yes	0	3	0
C?	cand-2e7d2c03a9507ae2	2031	E/2033	E/2031	E/2033	E/2041	E/2042	E/2034	no	0	3	0
Khattab Inside	cand-94c27458d8a3db19	2032	E/2037	E/2047	E/2037	E/2032	E/2032	E/2041	yes	0	0	0
?=>!	cand-5f54f3874c02d118	2034	E/2040	E/2034	E/2038	E/2044	E/2043	E/2037	yes	0	0	0
CPE	cand-c3f1cc84212d157e	2034	E/2034	E/2042	E/2042	E/2045	E/2046	E/2038	no	0	3	0
?->!	cand-5168b67af80fb408	2035	E/2042	E/2035	E/2036	E/2040	E/2038	E/2036	no	0	0	0
Universal Program Operating System	cand-cf9aba829a2f4902	2035	E/2043	E/2039	E/2041	E/2035	E/2036	E/2039	yes	0	0	0
Contractn't	cand-3f5b829ed5dd4566	2038	E/2046	E/2038	E/2045	E/2039	E/2039	E/2044	yes	0	0	0
Krrt	cand-dbba47b31e665c8c	2040	E/2049	E/2044	E/2046	E/2043	E/2040	E/2046	yes	0	0	0
Run::	cand-acba25512100f80b	2040	E/2047	E/2040	E/2043	E/2048	E/2048	E/2043	yes	0	3	0
Pfft	cand-2ad3db485e682620	2041	E/2041	E/2045	E/2044	E/2046	E/2045	E/2045	yes	0	1	0
Stanford Certified Optimizer	cand-a21c5c089c23c248	2042	E/2044	E/2049	E/2047	E/2042	E/2044	E/2048	no	0	0	0
A11Y-CMD	cand-741c227569ef0834	2045	E/2045	E/2048	E/2050	E/2049	E/2050	E/2049	no	0	0	0
Node>?	cand-545ea538461003ef	2046	E/2048	E/2046	E/2048	E/2050	E/2049	E/2047	yes	0	3	0
0xMESH	cand-e1d2660615b77993	2047	E/2050	E/2050	E/2049	E/2047	E/2047	E/2050	yes	0	0	0
->/?	cand-2b815c2f47b03235	2051	E/2052	E/2051	E/2052	E/2052	E/2052	E/2051	no	0	0	0
?=>	cand-4a5e7265a06506d0	2051	E/2051	E/2052	E/2051	E/2051	E/2051	E/2052	yes	0	0	0
